"Site","Rgd_Availz","NDVI_z","Alt_z","Forest_z"
"G51",2.199616235,0.288795514,0.416994897,-0.458740469
"G52",-4.003763558,-0.569402507,-4.311235721,-0.458740469
"H51",1.246313271,0.517313272,0.152789258,0.869855222
"H52",2.333248357,-0.085557245,0.462584455,0.699641866
"H53",2.547812684,-0.858166181,1.197407427,-0.403526983
"I49",-0.358131082,2.209475022,0.047413162,0.077219893
"I50",0.329450521,1.340563833,-0.02193573,2.218182114
"I51",1.939721866,0.214214701,0.363122146,1.316136011
"I52",0.964735075,0.637197011,0.290459515,5.964738974
"I53",1.087577525,0.4122205,0.499450525,1.700174602
"I54",1.474414825,0.534035829,0.502281217,0.829884723
"J49",2.331063728,1.229622638,0.185754614,1.92289158
"J50",2.222906676,0.24082771,0.274627298,2.434124431
"J51",0.484497402,0.669050352,0.278213149,2.588417333
"J52",-0.487005581,1.523277883,-0.169420488,5.124003552
"J53",-0.579131228,2.092238275,-0.337980312,5.570284341
"J54",1.721421254,1.141037801,0.401036734,2.447335019
"J55",1.618869236,0.166211127,0.770576487,0.118714692
"J56",0.967973057,1.209949042,0.358424804,2.45800511
"J57",0.360737186,0.778918442,0.190367993,2.951539159
"J58",-1.540231993,2.114451554,-0.421232568,0.16749225
"K28",-0.207461923,0.96011226,-0.438554112,-0.386929063
"K48",1.626310996,3.414840469,-0.792827376,3.751711298
"K49",2.545247542,2.11169725,-0.313067505,4.885958904
"K50",1.506785655,1.876293733,-0.319358615,6.043240357
"K51",0.297586134,1.417505478,-0.206286302,4.421047798
"K54",2.397942904,1.724950126,-0.483011188,2.553104413
"K55",2.499426464,0.279405843,0.802535306,0.860794113
"K56",-0.087010662,1.589667327,-0.429054474,3.919553523
"K58",-1.218065388,2.398663473,-0.360020188,5.093009479
"K59",-1.459878415,2.009841679,0.23182645,0.032422448
"K60",-0.657624521,3.690485432,0.438489523,-0.439771419
"L25",-0.422881196,1.484342049,-1.103964707,-0.345772998
"L26",-0.681817638,0.609636092,-1.203532226,-0.39124791
"L28",-0.844971266,0.153065588,-1.787997254,-0.201811454
"L48",2.889255928,2.734527525,-0.466046233,4.686021723
"L49",2.436386244,1.806577664,-0.010381293,5.326396548
"L50",2.231013431,1.163161654,0.280226222,3.567440521
"L51",0.72540807,0.192824136,0.601932444,1.282347389
"L52",-0.692481373,2.27697334,-0.383422934,5.524640063
"L54",1.693704769,1.8694974,-0.449752216,3.821236256
"L55",2.229168844,0.446220051,0.658280067,2.232154852
"L56",0.051292413,-0.726744773,-0.761015492,2.235203449
"L58",-0.355154316,0.982289768,0.308263849,0.513592741
"L60",0.548400422,1.971961064,0.012728092,3.372753702
"L61",1.095319467,1.307261801,0.155431545,2.686903967
"L62",0.412662187,1.36547776,0.103739794,0.832086487
"M22",2.561912221,-0.763199946,1.217266303,-0.458740469
"M23",1.95810369,0.273128178,0.869032259,0.119307474
"M24",0.451437724,0.682768213,-0.95675283,0.605982179
"M25",-1.088652432,-0.060643318,-1.671129438,-0.397683838
"M26",-0.689947938,-0.137513423,-1.827400656,-0.31206906
"M48",3.113993262,1.091013212,0.399296029,1.95092174
"M49",2.318215047,0.833575268,0.553617147,2.542857739
"M50",2.613338325,0.456164159,0.666437315,1.763771732
"M51",0.944793139,1.384686343,0.333365317,3.146225978
"M54",0.314512045,2.124574513,-0.543489912,5.152711178
"M55",0.767951899,1.568580809,0.127876708,5.31581114
"M56",0.824191494,-2.060596686,-0.715950193,1.325281803
"N19",-0.652462825,-0.530377247,-0.448305384,-0.314016775
"N20",-0.936764416,-0.087470949,0.446185484,-0.458740469
"N21",-0.119864682,0.069345495,0.207081826,-0.451288342
"N22",1.029706854,-1.475645238,-1.091068135,-0.458740469
"N23",1.884970199,-0.440039672,-0.278676051,-0.291575711
"N24",1.152026246,0.322258512,-0.744302171,0.67169639
"N48",1.639975057,2.693391824,-0.117497838,4.841838925
"N49",3.150464581,0.140510257,0.743168073,0.503854165
"N50",2.094546781,-0.087131132,1.09968531,0.973846267
"N51",-0.231473227,2.124377777,0.120201225,4.481935063
"N53",3.28622697,1.56471763,-0.591113535,4.137358871
"N54",2.627366589,1.398547286,0.129763836,3.644671655
"N55",1.902402551,1.157366886,0.185272337,3.964689701
"O17",4.059466101,-1.348904356,2.030098428,-0.437484971
"O18",2.573644722,-1.049738715,1.046546214,-0.404289132
"O19",-0.719168358,-0.873273715,-0.68443167,-0.314101458
"O20",-0.513724272,-0.934548023,-0.397703877,-0.458740469
"O21",-0.453906336,0.200049712,0.71848591,-0.458740469
"O22",-0.210898018,-0.190810983,-0.182946273,-0.330614694
"O23",-0.700825492,-0.147081945,-0.409048661,-0.455183772
"O24",1.64403628,0.312475369,-0.447864832,0.933706401
"O48",0.901608183,1.587753623,0.050034458,3.031649525
"O49",0.921383711,0.494992684,0.632654339,0.369461829
"O50",1.384988712,0.05287333,0.994728519,-0.187415299
"O53",2.558373447,0.820000487,0.459837214,3.03723862
"O54",1.525587851,0.160684635,0.735555564,-0.243306252
"O55",1.39526439,0.727409391,0.165434451,2.267213722
"P11",-0.348504392,-0.192885653,1.554532374,-0.458740469
"P12",-0.582242378,0.208652439,1.521588009,-0.458740469
"P13",1.524083314,-0.647460181,1.852772878,-0.458740469
"P14",0.58896528,0.050279992,1.683227765,-0.458740469
"P15",-1.010539343,0.310329159,1.032496171,-0.458740469
"P16",-0.872885256,0.120139142,0.798886483,-0.458740469
"P17",0.619428403,-0.309138719,1.413758543,-0.458740469
"P18",1.08622338,-0.338327181,0.345255352,-0.458740469
"P21",-0.726997882,-0.677462415,-0.377404449,-0.314609558
"P22",1.933134753,-0.07833167,0.948195396,-0.224083151
"P23",1.584305323,0.253222076,0.762334764,0.424082533
"P24",0.237538686,0.850798607,0.292284183,0.759512932
"P25",1.946854379,0.171057985,-0.932343292,0.311961895
"P48",0.616831556,1.211093687,0.083503082,0.119138108
"P49",0.28172929,1.019973646,0.241116692,2.731193312
"P52",0.962534438,1.446980102,0.370000488,2.578763441
"P53",1.000819232,0.365611963,0.730963176,0.344988367
"Q10",1.848625118,-0.866539979,2.783626803,-0.458740469
"Q11",0.691010247,-0.462950468,1.755701477,-0.458740469
"Q12",-0.262759592,-0.276033423,1.041010263,-0.458740469
"Q13",-0.149314621,-0.387010388,0.92095491,-0.458740469
"Q14",-0.060711741,-0.476060237,1.138291572,-0.458740469
"Q15",-0.309863549,-0.028915174,1.00649312,-0.458740469
"Q16",0.007917197,-0.083804506,1.192206305,-0.458740469
"Q17",0.181449483,-0.380929459,0.575321171,-0.458740469
"Q18",1.121673955,-0.22416667,0.524971298,-0.458740469
"Q19",-0.208166779,0.822057272,-1.07672422,-0.145158352
"Q21",0.407785577,-0.467189234,-0.681978044,-0.458740469
"Q22",0.088001698,0.123125952,1.272459942,-0.458740469
"Q23",2.712469954,-1.234117867,2.067761125,-0.458740469
"Q24",0.686410868,0.181520761,0.70730854,-0.255161908
"Q25",1.629501265,-0.047426239,-0.71928441,-0.224506568
"Q26",-1.060445505,-0.41095852,-1.695455013,-0.458740469
"Q27",-0.155212277,-0.341635922,-1.505798877,-0.451373026
"Q28",0.879196233,-0.418541797,-2.182051372,-0.339675803
"Q48",0.689616843,1.498918395,0.167175156,1.08842272
"Q49",0.67459924,1.349810423,0.290983775,3.657966927
"Q50",-0.611470652,2.188209653,0.123367771,3.352514403
"R10",2.891108368,-1.782841283,2.073024708,-0.458740469
"R11",1.358634224,-0.49705733,1.661397284,-0.458740469
"R12",0.550355842,-0.467439625,1.172263465,-0.458740469
"R13",0.186294387,-0.107877834,1.518631371,-0.458740469
"R14",0.93752564,-0.53517045,0.839086513,-0.458740469
"R15",0.241109174,-0.326344173,0.660922354,-0.458740469
"R16",0.009318446,-0.224792648,1.186817289,-0.458740469
"R17",-0.701545754,-0.00664824,0.925023038,-0.458740469
"R18",-0.445490951,-0.061305067,0.753863165,-0.458740469
"R19",-0.242817664,-0.71447918,-0.678580855,-0.458740469
"R20",-0.316133563,-1.524745167,-1.175389901,-0.458740469
"R21",-0.030628528,-0.491834884,-0.591847446,-0.458740469
"R22",0.784750962,-0.037249624,0.828936671,-0.435791305
"R23",2.183458298,-1.430989752,2.180854685,-0.458740469
"R24",0.491772762,0.131120586,0.98080442,-0.457808953
"R25",-0.579994329,-0.23137436,-0.35391774,-0.458740469
"R26",-1.161722805,-0.879370741,-1.227501213,-0.458740469
"R27",-0.726166487,-0.35540744,-0.47388913,-0.452389225
"R28",0.078137644,0.365969665,-0.264646742,0.446100181
"R29",0.158475524,-0.088722905,-1.512110978,0.216693225
"R30",-0.365406443,0.332542437,-1.283261348,0.415614207
"R49",0.63157222,1.803537199,-0.177850361,3.752134714
"S9",2.579684624,-0.653802233,1.573657595,-0.458740469
"S10",1.84636076,0.20176668,1.301818456,-0.458740469
"S11",1.963669458,-0.808654895,1.909959111,-0.455776555
"S12",-0.163675383,-0.511079238,1.251678492,-0.458740469
"S13",0.600428403,-0.650652669,0.369853552,-0.458740469
"S14",1.225444822,-0.12358094,0.376249616,-0.458740469
"S15",0.304481584,-0.284206908,-0.112758514,-0.458740469
"S16",0.261272767,-0.568070068,0.17029972,-0.458740469
"S17",-0.302097145,-0.598195709,0.43182109,-0.458740469
"S18",0.067695567,-0.306777888,0.689211359,-0.458740469
"S19",0.681755915,-0.85560146,-0.82080203,-0.081222489
"S20",-0.768781589,-0.359914481,-1.163709519,0.339907371
"S21",-0.270620821,-0.154289635,-1.06795875,0.342617235
"S22",0.826083494,-0.11644479,-0.381200208,-0.436468771
"S23",-0.112573623,0.001221198,0.683046194,-0.458740469
"S24",-0.371731722,0.130154791,0.26785391,-0.458740469
"S25",-0.967821269,-0.464542241,-0.527678173,-0.458740469
"S28",-1.061997161,-1.04271703,-0.925653867,-0.458740469
"S29",-0.889502221,-0.797848725,-0.859764881,-0.193089078
"S30",-0.9625883,-0.353225459,-0.367904811,-0.301737702
"S31",-0.896159999,0.291192116,-0.352072337,0.224653452
"S32",-0.974447333,0.349157683,-0.95102796,0.209579831
"S41",-0.134534089,1.192135495,-0.938298804,0.406553098
"S42",0.234538369,1.891531828,-0.693763381,1.085374123
"S43",0.061932295,2.181717366,-0.180765273,1.8408335
"S44",1.077088035,1.703899378,-0.326404628,-0.317234739
"S45",-0.267295859,1.278037569,0.836800559,-0.444428998
"S46",0.00964309,0.907261827,0.84554555,-0.156759958
"S47",-0.48527968,1.16849141,0.449226597,1.561294053
"T10",1.419164862,-0.167005932,0.911182391,0.224230036
"T11",0.025310284,0.068952023,1.105095829,-0.262275302
"T12",-0.190306802,-0.161407899,0.979650947,0.110585099
"T13",0.197987321,-0.086755546,0.684681944,0.346682032
"T14",0.680505058,-0.383898383,0.451868884,-0.176745208
"T15",-0.516138721,-0.567075657,0.354335685,-0.458740469
"T16",0.227389547,-0.182029405,-0.2428585,-0.458740469
"T17",0.459433639,-0.658193022,-0.141529797,-0.458740469
"T18",0.695300988,-0.553822808,-0.460111711,0.229565081
"T19",-0.04370702,-0.723099792,-0.613258109,-0.336796573
"T20",-0.648385895,-0.876446529,-0.469632084,-0.458740469
"T21",1.124199236,-0.363473614,-0.924416431,-0.399462186
"T22",-0.01030669,-0.223433382,-0.595831867,-0.458740469
"T23",0.001219852,0.085674579,-0.676966096,-0.458740469
"T24",-0.855967198,-0.353887207,-0.778399753,-0.458740469
"T25",-0.657038652,-0.496538662,-0.737297884,-0.458740469
"T30",-0.677701141,-1.167211545,-1.217309645,-0.458740469
"T31",0.238916082,-0.199395824,-0.117644518,-0.315879807
"T32",-0.691460027,0.076320679,-0.238161158,-0.144226836
"T33",-0.433845422,0.413490342,-0.674114157,0.26614825
"T34",-0.404894387,1.14173532,-0.761707422,0.959958212
"T35",-0.785200742,1.707011384,-0.882769312,1.339932007
"T36",-0.972373235,2.45040503,-0.798929824,2.91080651
"T37",-0.717822368,2.05832815,-0.717585687,2.113767652
"T43",-0.45381121,1.591616801,-0.813693045,1.292255331
"T44",0.017203536,2.215877883,0.045505043,3.59962016
"T45",0.052511564,1.969707543,0.221928498,2.897934654
"T46",0.113263875,1.625491156,0.488441082,1.826013929
"U10",1.973311546,-0.260348201,1.340152349,-0.316980689
"U11",0.857947874,-0.05695899,0.642091005,0.4824293
"U12",-0.681255622,-0.678862817,0.290061201,-0.221796703
"U13",0.291561646,-0.032098719,0.870269695,0.313740243
"U14",0.983497411,-0.479851876,1.560173792,-0.450610876
"U15",-0.142498298,-0.446567729,0.73161338,-0.458740469
"U16",0.217351233,-0.247739215,0.357334304,-0.458740469
"U17",-0.054821938,-0.060804284,0.570539865,-0.458740469
"U18",0.110049437,-0.018166236,0.589098845,-0.45747022
"U19",-0.066847069,-0.246344178,0.044938802,-0.458740469
"U20",0.123088369,-0.368284702,-0.294361845,-0.436892188
"U21",0.524040914,-0.074468491,-0.686361035,-0.383965149
"U22",-0.136006611,-0.039538916,-1.263863758,-0.243052202
"U23",-0.45156286,-0.119145438,-0.3585731,-0.458740469
"U24",-0.549340945,-0.541049278,-0.657799405,-0.458740469
"U25",-0.361741129,-0.615014845,-0.783348985,-0.458740469
"U32",-0.268024275,-0.955688196,-1.230898402,-0.455353139
"U33",-0.340983815,0.104543346,-0.031917646,0.229903814
"U34",0.027099304,0.621118318,0.111477737,0.929641605
"U35",0.522220187,1.147547973,0.45207828,0.722167614
"U36",-0.533824445,1.845030601,0.192884847,1.839563251
"U37",-0.654402538,1.414625979,-0.063331215,1.158032361
"V11",2.364654009,-0.642439837,1.503910132,-0.231535278
"V12",0.859839873,-0.752021766,0.77808353,-0.458740469
"V13",-0.022791151,0.036043463,0.954758875,-0.441211034
"V14",0.742531778,-0.536100475,1.887457947,-0.458740469
"V15",0.091880823,-0.564317777,0.560117654,-0.458740469
"V16",-0.128042703,-0.223522807,0.667800696,-0.458740469
"V17",1.995921902,-1.014989779,0.728698724,-0.458740469
"V18",2.864168613,-1.153177117,1.947957662,-0.458740469
"V19",0.415654652,-0.055635494,1.045812559,-0.458740469
"V20",1.4814048,-0.678794854,2.009191033,-0.455437822
"V21",0.812126495,-0.158886102,0.179778367,-0.336288473
"V22",1.3444157,-0.008973302,-0.967573611,-0.446376713
"V23",0.876448985,0.313351739,1.077834351,-0.458740469
"V24",-0.460746219,0.023327166,-0.117938134,-0.458740469
"V25",-0.504833843,-0.561057325,-0.892793209,-0.458740469
"V36",-0.74309239,0.112520095,-0.07587171,-0.407337729
"V37",-0.816407988,0.119066037,-0.139642413,-0.450780243
"V45",-0.637603475,1.46402459,0.028896164,3.213041071
"W12",0.688009929,-0.093373028,1.038913226,-0.067080384
"W13",0.527785646,0.233333859,1.202503083,-0.263206818
"W14",0.054712509,-0.170386213,1.392326889,-0.458740469
"W15",0.280573559,-0.45923037,0.615122887,-0.458740469
"W16",0.873781166,-0.243893921,1.58936438,-0.458740469
"W17",-0.168322174,-0.64736539,0.87043711,-0.458740469
"W18",1.62625543,-0.773653779,1.104130762,-0.458740469
"W19",0.151397976,-0.127157957,1.211394498,-0.458740469
"W20",0.788384569,-0.75268888,1.794748035,-0.458740469
"W21",0.433443355,-0.388727357,0.330660058,-0.458740469
"W22",2.413182775,-0.513797771,-1.418373538,-0.377783271
"W23",1.496779355,0.192233929,-0.742016216,-0.238733356
"W24",-0.798468893,-0.183996764,-0.029715911,-0.458740469
"W25",-0.494518606,-0.706185865,-0.782069567,-0.458740469
"X12",0.878095768,0.8237027,0.798425196,0.137429692
"X13",1.353069058,1.936298201,0.797544092,1.159726027
"X14",1.379494218,0.434541089,1.406376933,-0.305379083
"X15",-0.608399061,-0.185677963,0.670799315,-0.458740469
"X16",0.491772762,0.073423295,1.389327758,-0.458740469
"X17",0.744439484,-0.551749926,1.706735464,-0.458740469
"X18",-0.244575279,-0.414732274,0.566052432,-0.458740469
"X19",1.194134598,-0.541600139,1.452343815,-0.458740469
"X20",0.728994257,-0.109845193,0.682668358,-0.458740469
"X21",0.433118711,-0.669931005,-0.744071272,-0.458740469
"X22",0.590366537,-0.954534608,-1.505861849,-0.458740469
"X24",-0.521419103,-0.49399898,-0.693847344,-0.458740469
"X25",-0.615682267,-0.550011496,-0.831370921,-0.458740469
"X26",-0.699883273,-0.952912431,-1.319309543,-0.458740469
"X38",-0.638379295,0.693874853,-0.284631564,-0.394127141
"X39",-0.865839414,0.972721246,-0.08161757,-0.133895478
"X40",-0.837078331,1.162857607,-0.030596502,0.460835069
"Y13",2.279661176,2.165710213,0.824365274,0.225246235
"Y14",1.896061264,1.439039123,1.522133259,-0.101123056
"Y15",-0.610473159,0.753110261,1.206319833,-0.458740469
"Y16",-0.479334303,0.146537531,1.210849248,-0.458740469
"Y17",-0.449852966,-0.141770074,1.66861148,-0.458740469
"Y18",-0.485485638,-0.311338585,1.203090314,-0.458740469
"Y19",0.34788036,-0.48591492,1.570134716,-0.458740469
"Y20",0.887065315,-0.008293668,1.449617565,-0.458740469
"Y21",0.441375858,-0.190542706,0.016628806,-0.458740469
"Y22",-0.279725062,-0.653880928,-1.212088044,-0.458740469
"Y24",0.651680555,-0.602954931,-1.501604803,-0.458740469
"Y27",-0.749314699,-1.209363118,-1.37225972,-0.458740469
"Y38",-0.241076065,0.4203761,-0.434234093,-0.422496033
"Y39",-0.2234299,0.252202626,-0.030449822,-0.037864659
"Y40",-0.724044969,0.645495692,0.377948339,0.490389527
"Z15",2.859402534,-0.491495068,1.694405134,-0.458740469
"Z16",2.649699112,-0.830365602,1.966180789,-0.458740469
"Z17",1.463133508,-0.709548261,1.822282394,-0.458740469
"Z18",-0.160579932,-0.697180724,1.02643596,-0.458740469
"Z19",0.587191966,-0.335483452,0.891344505,-0.458740469
"Z20",0.799800272,-0.601148537,2.098357076,-0.458740469
"Z21",-0.06600813,0.464516495,0.478249258,-0.458740469
"Z22",0.066793207,-0.306599037,-0.81534953,-0.458740469
"Z32",-1.058537806,-0.55473137,-1.054600636,-0.458740469
"Z33",-0.341252892,-0.750884275,-1.203196628,-0.458740469
"Z39",-0.58672338,0.112877797,0.321936057,-0.145581768
"Z40",-0.941340242,0.593128157,0.844916337,0.054948196
"Z53",0.003175272,1.363993297,-0.795826251,0.402064885
"Z54",-0.484020962,1.895681168,-0.523672761,1.402089521
"AA17",2.633794848,-0.8754861,1.85826736,-0.419870852
"AA18",0.76923447,-0.471857242,1.4240758,-0.458740469
"AA19",0.215997698,-0.644144286,0.320992493,-0.458740469
"AA20",1.977753289,-0.525458848,1.777279555,-0.458740469
"AA21",1.340608149,0.166765564,-0.170804348,-0.458740469
"AA22",-0.005334946,-0.436087068,-0.883587187,-0.458740469
"AA23",-0.154784954,-0.979049697,-1.172076675,-0.458740469
"AA25",-0.666419824,-2.086259998,-1.813161695,-0.458740469
"AA32",-0.910322956,-0.546988916,-1.050993794,-0.458740469
"AA33",-0.59721287,-0.374580253,-0.646789962,-0.458740469
"AA34",-0.956642931,-0.239404764,-0.873500574,-0.458740469
"AA35",-1.222989411,-0.322176948,-0.94922454,-0.458740469
"AA39",-0.233610753,-0.456118365,0.164763256,-0.181487471
"AA40",-0.333114431,0.185920493,0.188795215,-0.427746396
"AA42",-0.778938582,1.112636283,0.670212083,0.314248343
"AA52",0.303777029,2.670337947,-0.236840015,4.063769117
"AA53",-0.254850957,2.391706174,-0.1347774,4.029726446
"AA54",-0.261294923,2.474138541,-0.161640308,3.71749926
"AA55",0.254591129,2.469756695,-0.382835702,3.690908716
"AB18",0.870131559,-0.32362564,1.320000113,-0.458740469
"AB19",0.261644824,-0.519216953,0.506769162,-0.458740469
"AB20",2.678531769,-0.670598119,0.860497176,-0.458740469
"AB21",0.077243138,0.21509107,0.949075988,-0.458740469
"AB22",-0.124472223,0.173812289,0.37199257,-0.458740469
"AB23",-0.147414468,-0.656848064,-0.776009356,-0.458740469
"AB25",1.772950037,-0.659931453,-0.750089757,-0.458740469
"AB26",-0.961907606,-0.517070742,-0.954194506,-0.364826732
"AB32",-0.407530802,-0.463952033,-1.362319787,-0.458740469
"AB33",-0.044941877,-0.077401645,-0.321036091,-0.458740469
"AB34",-1.252146412,-0.057388233,-0.289790192,-0.458740469
"AB35",-1.23679601,-0.097576023,-0.405358112,-0.458740469
"AB38",-0.260701201,-0.010833351,-0.236127094,-0.451457709
"AB39",-0.494993342,0.294339891,0.519183456,-0.212904961
"AB40",-0.511143425,1.21363337,0.817927228,-0.161163488
"AB41",-1.065923999,1.394862958,0.628145403,-0.451373026
"AB42",-0.975302287,1.705830968,0.705211503,-0.255754691
"AB43",-0.42140052,1.308889344,0.357627664,-0.035154795
"AB47",-0.340587897,1.816986784,0.413304091,3.654325547
"AB48",-0.279376565,1.581368646,0.583122086,4.062329502
"AB49",-0.201152643,2.060778407,0.518260883,3.651785049
"AB50",-0.479104792,2.043179481,0.577460189,3.392569586
"AB51",-0.129879136,2.838314685,0.258836549,4.534438685
"AB52",-0.167522794,2.714657193,0.318769511,4.709055571
"AB53",-0.258920034,2.522034804,0.254097226,3.95063228
"AB54",-0.316299661,2.003063231,0.71466916,3.89872144
"AB55",-0.172842735,2.322186841,0.046134256,2.638803874
"AC18",0.927392501,-0.423817898,1.725461859,-0.458740469
"AC19",0.156646644,-0.384184545,1.855960415,-0.458740469
"AC20",0.712163479,-0.331244687,1.638539789,-0.458740469
"AC21",-0.349541445,-0.010797581,1.721309767,-0.458740469
"AC22",0.18368998,0.401203287,0.908330707,-0.458740469
"AC23",-0.143495783,-0.33192432,-0.592413687,-0.458740469
"AC25",3.022817387,-0.656628077,-0.286476966,-0.458740469
"AC26",1.805416293,-0.150641077,0.370230875,-0.382186801
"AC33",-0.268752381,-0.107448591,-0.842422346,-0.458740469
"AC35",0.238464906,-0.045369454,-0.454260896,-0.458740469
"AC40",-0.266757403,1.15516702,0.420874619,-0.39073981
"AC41",0.253949994,1.444386764,0.467827047,0.207039334
"AC42",-0.253924737,1.744069284,0.874883074,0.497587604
"AC43",-0.609673478,1.621735288,0.953647385,0.725470261
"AC44",-0.390755291,1.828343815,0.58951815,1.005094391
"AC45",-0.657679787,1.534223557,0.725154343,2.179735913
"AC46",-0.402677743,1.192993979,0.720436011,3.175018286
"AC47",-0.257819561,0.706340758,1.056947435,1.824658997
"AC48",-0.003110448,0.776503955,1.13304898,0.953945701
"AC49",-0.382229366,1.045048538,1.131434221,-0.020165857
"AC50",-0.372943028,1.671652566,0.660922354,0.075272178
"AC51",-0.759922867,1.752314309,0.638819504,0.315179859
"AC52",-0.41502782,1.398851332,0.428109294,0.843518728
"AC53",0.219275247,1.421493852,0.625377683,1.542748419
"AC54",0.373126529,2.09218462,0.265358047,0.591162608
"AC56",-0.879725139,2.692354489,-0.164450521,2.299223995
"AD18",1.688107596,-0.477079687,1.710615187,-0.458740469
"AD19",0.287247043,-0.045083293,1.643698417,-0.451034292
"AD20",0.037564933,-0.234700986,2.044819666,-0.458740469
"AD21",0.963634602,-0.320370554,1.91786498,-0.458740469
"AD22",1.549836226,0.423935232,1.286363562,-0.458740469
"AD23",0.872973631,-0.198269064,-0.246297671,-0.458740469
"AD24",0.920212274,-1.187464617,-1.404050869,-0.458740469
"AD25",1.115403933,-1.251886701,-1.432297892,-0.458740469
"AD26",0.889155119,-0.310462216,-0.186888712,-0.458740469
"AD27",-0.831101247,-0.448803365,-0.889438002,-0.458740469
"AD35",-0.648955765,-0.25496479,-0.940018518,-0.458740469
"AD39",-0.218711535,0.580966297,-0.120223832,-0.458740469
"AD40",-0.2719034,0.930941683,0.220733044,-0.457808953
"AD41",0.440639597,1.099007846,0.020885852,-0.078343258
"AD42",0.136665157,1.889475042,0.498716357,0.721744198
"AD43",0.071764944,1.515623066,1.050383956,2.681230188
"AD44",-0.227277311,0.92836623,1.421391532,-0.046925768
"AD45",0.513266338,0.89236355,1.20841687,0.66339743
"AD46",1.026769647,0.268156123,1.468469904,0.308405198
"AD47",-0.161767376,0.588406494,1.343717209,-0.381339968
"AD48",-0.203844323,1.352403761,1.032391216,-0.458740469
"AD49",0.206355301,1.771630203,0.818682387,-0.242036003
"AD50",-0.082712067,1.913387404,0.71028668,0.278681373
"AD51",-0.083020704,1.997304233,0.337705815,0.443390317
"AD52",-0.405076485,1.930378237,0.44197042,0.875952417
"AD53",0.081882377,2.217720047,0.35012062,0.898054748
"AD54",-0.24852567,2.448884798,0.26923777,1.361272189
"AD55",-0.592217573,2.445379321,-0.125026128,0.819553365
"AD56",-0.716698343,2.713083305,0.283623667,2.386447754
"AE18",1.183511024,-0.158027618,1.646529622,-0.34789008
"AE19",1.167424361,-0.136958985,0.780117594,-0.317065373
"AE20",0.384312721,0.101127295,1.470986758,-0.378376054
"AE21",0.483246537,-0.485592989,2.121152111,-0.458740469
"AE22",1.556731376,-0.0815331,1.264680017,-0.458740469
"AE23",2.017431185,-0.131271528,0.004822223,-0.458740469
"AE24",-0.280706548,-0.723672115,-0.824513826,-0.458740469
"AE25",1.420114943,-0.189702107,-1.464110032,-0.458740469
"AE26",0.911622629,-0.691142718,-1.413298617,-0.458740469
"AE27",1.082455088,0.911929835,0.650961429,-0.458740469
"AE28",-0.564121478,-0.659691792,-1.008738453,-0.458740469
"AE33",-0.781551136,-0.656236394,-1.099959551,-0.458740469
"AE38",-0.636740374,0.3095601,-0.975793831,-0.458740469
"AE39",0.529440282,0.656083663,-0.367212881,-0.458740469
"AE40",0.360048338,0.433163937,-0.417290128,-0.174120027
"AE41",0.71174401,0.570807568,-0.281506999,-0.193004394
"AE42",0.230595824,1.354317465,0.230693968,0.584811364
"AE43",0.178987321,1.554093889,0.811489694,1.896470403
"AE44",1.858283514,0.19037388,1.621197254,0.285032617
"AE45",0.130205184,0.209761314,1.761300401,-0.444259632
"AE46",-0.477284066,0.72522741,1.409501497,-0.458740469
"AE47",-0.187868493,0.817711196,1.460081757,-0.393873091
"AE48",-0.358930763,1.243626661,1.238697957,-0.458740469
"AE49",0.119288371,1.194746718,1.279841552,-0.435113839
"AE50",0.097240632,1.714040223,0.910469726,-0.353225125
"AE51",0.23212392,2.071294838,0.634646422,0.647222927
"AE52",0.210772582,2.122446188,0.728215935,1.155999963
"AE53",0.735612475,2.198046451,0.668849214,1.577129823
"AE54",0.717594253,2.409931078,0.510585913,1.632851409
"AE55",-0.200685459,2.614947832,-0.00673247,1.616846273
"AE56",-0.724559573,2.547020271,0.149140435,1.092487517
"AF19",1.477280758,-0.340366081,0.814446331,-0.34738198
"AF20",1.05935459,0.043233268,1.135985139,-0.377698588
"AF21",0.076023979,-0.207694505,2.008205487,-0.458740469
"AF22",1.156981983,-0.278108093,1.181889048,-0.458740469
"AF23",0.830073452,0.3433808,1.497220708,-0.458740469
"AF24",0.164824664,0.24898331,0.440796469,-0.458740469
"AF25",1.432781209,0.404368947,0.442704588,-0.423681599
"AF26",2.127345234,-0.48784651,-1.760127554,-0.391756009
"AF27",1.001990669,-0.249223677,-0.193850761,-0.458740469
"AF28",-0.198555787,-0.331298342,-0.563998737,-0.458740469
"AF29",-0.767467606,-0.730203749,-1.191138667,-0.458740469
"AF30",-1.263783787,-0.833715479,-1.14353578,-0.458740469
"AF33",-0.845208638,-0.788623597,-1.138419133,-0.458740469
"AF34",-0.842991994,-0.788509133,-1.162136741,-0.458740469
"AF38",0.048585026,-0.422190355,-1.148757637,-0.458740469
"AF40",-0.258342018,-0.187412816,-0.687241627,-0.110268848
"AF41",0.479240881,0.827136637,-0.200183853,-0.188939598
"AF42",0.12718916,1.91453205,0.588867946,1.180050009
"AF43",-0.250544208,1.766336218,0.800438269,1.14058761
"AF44",1.1056036,0.339553391,1.716927288,-0.077581109
"AF45",-0.157603174,1.326452499,1.154753515,-0.405813431
"AF46",-0.205894568,0.74252229,1.562878539,-0.458740469
"AF47",0.036274509,0.292766003,1.881838032,-0.448409111
"AF48",-0.398094063,0.717214891,1.667562962,-0.458740469
"AF49",0.056976558,0.911715214,1.584268724,-0.458655786
"AF50",0.788440136,1.756302684,0.942533499,-0.240511704
"AF51",1.251752198,1.057568099,1.32949975,0.269704947
"AF52",1.296765742,1.097469729,1.171739206,0.328644497
"AF53",1.672615265,0.574688632,1.318259408,0.464899865
"AF54",0.428020435,2.678690283,0.412884787,1.09697573
"AF55",-0.148768312,2.754827098,0.27582224,1.353904746
"AG19",1.057636542,0.159146517,1.405936637,-0.311137544
"AG20",2.216707935,-0.306044599,0.462102177,-0.207908648
"AG21",3.262302938,-1.113702941,2.412514273,-0.404712548
"AG22",0.705988592,-0.242820816,1.927846895,-0.458740469
"AG23",-0.222654072,-0.087900191,1.69320968,-0.458740469
"AG24",-0.607947878,-0.068852573,1.241025381,-0.458740469
"AG25",0.560774059,-0.211969041,1.444123594,-0.458740469
"AG26",2.635932373,-0.032975089,0.914286476,-0.454506306
"AG27",0.595987261,-0.451182081,-1.124180172,-0.443328116
"AG28",-0.921627833,-0.335680188,-1.311445655,-0.458740469
"AG29",-1.384725783,-0.359431584,-1.194032588,-0.458740469
"AG30",-0.994642639,-0.654962975,-0.915126702,-0.458740469
"AG34",0.010118135,-0.422458631,-0.768040514,-0.458740469
"AG35",-0.247353932,-0.057620739,-0.552213401,-0.458740469
"AG36",-0.243514366,-0.170922766,-0.763427136,-0.458740469
"AG37",-0.789547058,-0.529948005,-1.118874863,-0.458740469
"AG39",-0.571428544,-0.354960312,-0.71571955,-0.369145579
"AG40",-0.169327822,0.610673427,-0.069412673,-0.458740469
"AG41",0.085666376,0.838833484,0.312310986,0.192389129
"AG42",0.024082979,1.317706692,0.771373115,1.334258229
"AG43",-0.347412082,1.039468391,1.362444116,0.59717512
"AG44",-0.389773805,1.473968698,0.999341897,-0.272183244
"AG45",-0.008644201,1.235882418,0.91606865,-0.446800129
"AG46",-0.403873342,0.950722589,1.590685267,-0.458740469
"AG47",-0.139973017,0.632010336,1.766941307,-0.458740469
"AG48",-0.0936923,1.131719671,1.386685471,-0.458740469
"AG49",-0.525282521,1.307172376,1.484009274,-0.458740469
"AG50",1.326286947,0.737782741,1.591461416,-0.458740469
"AG51",1.378101416,0.456164159,1.636757103,-0.447816329
"AG52",0.474855006,0.985687934,1.370832263,-0.438331803
"AG53",1.235451724,1.580921519,1.126485501,0.235577593
"AG54",0.038047823,2.563903793,0.350371998,0.874004702
"AG55",-0.758418931,2.830606213,0.3386289,0.622326048
"AG56",-0.064780825,2.853409699,0.118880338,0.832509904
"AH19",0.635491214,0.72730208,1.216763035,-0.279804738
"AH20",2.718938073,0.126148532,0.460068113,-0.251689895
"AH21",1.207609007,0.203036521,1.458991769,-0.326549898
"AH22",1.128466418,-0.410779669,2.367616388,-0.458740469
"AH23",-0.026512031,0.21621783,2.002920913,-0.458740469
"AH24",-0.181875711,-0.177415052,1.505881224,-0.458740469
"AH25",-0.524055517,-0.835707878,0.420161443,-0.458740469
"AH26",2.448649048,-0.794098222,0.201608335,-0.458740469
"AH27",2.139615891,0.265312395,0.492572183,-0.458740469
"AH28",0.622483987,0.48292025,-0.088474665,-0.374395941
"AH29",0.912905199,-0.086397844,-0.825038085,-0.452727958
"AH30",-1.424221874,-0.562436266,-1.049169126,-0.458740469
"AH35",-0.811365279,-0.005539365,-0.308600806,-0.458740469
"AH36",-0.407506941,0.174187876,-0.056746489,-0.458740469
"AH37",0.127679903,-0.084180093,-0.646475356,-0.458740469
"AH38",0.046977811,-0.006308424,-1.063366106,-0.458740469
"AH41",-0.921738666,0.427279744,0.435448922,-0.458740469
"AH42",-0.554835139,0.487516717,0.749270266,-0.44603798
"AH43",-0.4907026,0.688867028,0.841225532,-0.436553455
"AH44",0.021185641,1.004950173,0.770513514,-0.458740469
"AH45",0.537135104,1.157974979,0.987325917,-0.458740469
"AH46",0.201280578,0.998261151,1.040884318,-0.458740469
"AH47",-0.095323376,0.897067328,1.113819317,-0.458740469
"AH48",-0.450391422,0.934858517,1.135922166,-0.458740469
"AH49",-0.609143176,1.349864079,1.306222438,-0.458740469
"AH50",0.600428403,1.423389672,1.151670933,-0.417584404
"AH51",1.365870017,1.193405336,1.444773799,-0.339929853
"AH52",0.781497273,1.658900499,1.042352141,-0.335611007
"AH53",1.227084052,1.403072213,1.30385252,-0.208332065
"AH54",0.067727273,1.915211683,0.822792497,0.436192239
"AH55",0.045457877,1.140769525,1.210786275,1.583311701
"AH56",0.152640987,3.064256991,0.278905334,2.181429578
"AH57",0.064244065,3.559012156,0.511592449,3.916589608
"AH58",-0.45711262,4.086049904,-0.265506599,1.838293002
"AI19",1.040821772,0.008393118,-0.173551589,-0.458740469
"AI20",2.957425837,-0.288159512,-0.226984044,-0.416398838
"AI21",1.862653382,0.514076072,1.481618366,-0.24898003
"AI22",1.034520044,-0.2118975,1.569127668,-0.455268456
"AI23",0.066056946,-0.049232633,1.592467953,-0.458740469
"AI24",0.473073846,0.198618905,1.687652225,-0.458740469
"AI25",0.214525168,-0.090600839,1.300015291,-0.458740469
"AI26",0.155736431,-0.70628781,0.185335309,-0.458740469
"AI27",0.223391736,-0.549609081,-0.672541379,-0.458740469
"AI28",2.756304508,-0.0322418,1.084964071,-0.355088157
"AI29",1.744307632,0.054465102,1.109038012,-0.409962911
"AI30",-0.642978682,0.03441592,-0.097806632,-0.458740469
"AI31",0.107239078,-0.59820644,-0.736144667,-0.458740469
"AI34",-1.391225315,-0.369286267,-0.877778355,-0.458740469
"AI35",-0.712613259,0.266045683,0.060079346,-0.458740469
"AI36",0.016886745,0.857237238,0.915942705,-0.456369338
"AI37",0.884326222,0.129886515,0.11976093,-0.192835028
"AI38",0.132793885,-0.036909808,-0.880106035,-0.458740469
"AI40",-0.621730624,0.365522538,-0.07943657,-0.458740469
"AI41",-0.84947582,0.264865267,0.173151403,-0.458740469
"AI42",-0.812806095,0.29918675,0.64632706,-0.458740469
"AI43",-0.615191524,0.571487201,0.915460427,-0.458740469
"AI44",0.413810065,0.697827457,0.758602489,-0.458740469
"AI45",-0.448902885,0.979231418,1.320712778,-0.458740469
"AI46",-0.310243459,0.877501042,1.486106311,-0.458740469
"AI47",-0.411607732,0.88209751,1.323837342,-0.458740469
"AI48",-0.867739267,1.042902328,1.09804956,-0.458740469
"AI49",-1.145335358,1.378337137,0.71359965,-0.458740469
"AI50",-0.556165122,1.264516443,0.555672203,-0.458740469
"AI51",-0.027794602,1.394415831,0.635841876,-0.417076305
"AI52",-0.000775126,1.406792311,0.649283697,-0.371686076
"AI53",1.175412122,0.558288007,1.70849716,-0.420124902
"AI54",1.735734002,-0.04553042,1.888674393,-0.209009531
"AI55",1.282349714,-0.176270407,1.781809482,-0.041929456
"AI56",0.296873733,2.598368356,0.639889014,1.826776078
"AI57",0.191187005,2.89366903,0.598661456,1.407847983
"AI58",-0.115898585,3.702343245,0.223102962,3.425003275
"AI59",-0.44883162,3.97426811,-0.01113594,3.43033832
"AJ18",0.072643451,-0.984146947,-1.16551294,-0.451627075
"AJ19",1.269786127,-0.84397973,-0.892163996,-0.458740469
"AJ20",1.945287032,-0.958344132,-1.093395816,-0.409200761
"AJ21",2.316195915,0.151777861,0.780977707,-0.194020593
"AJ22",1.298681594,-0.215456633,0.76273359,-0.404204449
"AJ23",1.062244083,-0.118358495,0.816103072,-0.458740469
"AJ24",0.786104806,0.348263429,1.211813803,-0.458740469
"AJ25",0.634651965,0.194702071,1.946321912,-0.458740469
"AJ26",0.008954543,0.357349053,1.603749765,-0.458740469
"AJ27",-0.096297009,-0.481497304,0.07113077,-0.458740469
"AJ28",0.765505736,-0.0024989,0.749815516,-0.458740469
"AJ29",0.926671938,-0.187609552,1.691804317,-0.458740469
"AJ30",-0.712565847,-0.841813846,-0.3521563,-0.458740469
"AJ31",-0.380257947,-0.329474063,0.179484495,-0.458740469
"AJ32",1.343600313,-0.332925885,-0.662140159,-0.458740469
"AJ35",-0.315223049,-0.689275515,-0.819879201,-0.458740469
"AJ36",0.506846233,-0.256127321,0.06865641,-0.454167573
"AJ37",2.549649417,0.468880456,1.353825069,-0.337219989
"AJ38",1.318449578,0.292068485,0.835773031,-0.309274513
"AJ39",-0.83846358,-0.227081939,-0.38931573,-0.458740469
"AJ40",-0.643303326,-0.372827514,-0.479404346,-0.458740469
"AJ41",-1.158556088,-0.446084831,-0.232792877,-0.458740469
"AJ42",-0.94099959,0.00780291,0.297484793,-0.458740469
"AJ43",-0.444240087,0.068594321,0.504462217,-0.458740469
"AJ44",0.204874918,0.656512906,0.878636851,-0.458740469
"AJ45",-0.688412297,0.649931193,1.290892977,-0.458740469
"AJ46",-0.3913176,0.645459922,0.928231566,-0.458740469
"AJ47",-0.27675615,0.86465955,1.041261641,-0.458740469
"AJ48",-0.742363983,0.38040293,0.581318921,-0.458740469
"AJ49",-1.35917913,0.620188294,0.545669296,-0.458740469
"AJ50",-1.156347297,0.602571483,0.112022987,-0.458740469
"AJ51",-0.08412903,0.900984162,0.250951671,-0.458740469
"AJ52",-0.368921364,1.251227823,0.701311302,-0.458740469
"AJ53",0.309738113,1.153915064,1.506950733,-0.322400418
"AJ54",1.564418954,1.471500556,1.180610142,0.248788181
"AJ55",0.954126899,1.00627367,1.49266979,-0.069705565
"AJ56",2.273969178,0.777523405,1.473712496,0.078574826
"AJ57",2.002492708,1.98653741,0.993596037,0.973930951
"AJ58",1.164376631,1.316544161,1.198749305,1.074449982
"AJ59",-0.175344465,3.653445416,0.452896411,3.409929654
"AJ60",-0.081207831,3.921507102,-0.017364334,3.019201085
"AK18",0.318122092,-1.242931638,-1.442300799,0.14826915
"AK19",0.725985785,-0.557383729,-1.65248675,-0.314101458
"AK20",0.507883278,-0.068530642,-1.733013012,-0.0285495
"AK21",0.297063684,-1.29922495,-1.094129727,-0.367790646
"AK22",0.445650592,-1.118258273,-0.800376913,-0.458740469
"AK23",0.794765416,-0.320996532,0.204606954,-0.458740469
"AK24",0.966334436,-0.437482104,0.189424429,-0.458740469
"AK25",0.52358973,0.566461492,1.13602712,-0.458740469
"AK26",-0.50272804,0.625714785,1.701660799,-0.458740469
"AK27",0.070347688,0.333704968,1.514038984,-0.458740469
"AK28",-0.029567915,-0.094946916,0.799095879,-0.458740469
"AK29",-0.559656484,-0.272903533,1.075862747,-0.458740469
"AK30",-0.299397611,-0.960531478,-0.233317136,-0.458740469
"AK31",-0.844543642,-1.009713679,-0.36759046,-0.458740469
"AK32",0.2182696,-0.255125756,0.214693824,-0.458740469
"AK33",0.424964551,-0.5146026,-0.529062289,-0.458740469
"AK34",-0.365184777,-1.095960934,-1.422420931,-0.458740469
"AK36",-0.75858503,-1.067360892,-0.956270552,-0.458740469
"AK37",0.20643442,0.030463315,0.301280553,-0.458740469
"AK38",-0.121329359,0.748281288,1.019641581,-0.458740469
"AK42",-0.650388727,-0.414535538,-0.352869221,-0.458740469
"AK43",0.034493342,-0.285262128,-0.30310658,-0.458740469
"AK44",-0.714687357,0.067592756,0.403888417,-0.458740469
"AK45",-0.563210964,0.30326455,0.772715505,-0.458740469
"AK46",-0.29464784,0.233780986,0.496703284,-0.458740469
"AK47",-0.710705252,0.514630509,0.703890616,-0.458740469
"AK48",-0.504081876,0.373696023,0.672917342,-0.458740469
"AK49",-0.808713158,0.299669647,0.534114603,-0.458740469
"AK50",-0.312697768,0.438726199,0.373816726,-0.458740469
"AK51",-1.123461872,0.817460805,0.37851458,-0.458740469
"AK52",-0.397595467,1.149855149,0.290418046,-0.458740469
"AK53",0.031754249,1.05967854,0.243066792,-0.458740469
"AK54",1.33987188,1.351330656,0.905856347,-0.001874273
"AK55",1.340077847,1.43442477,1.384316066,-0.23365236
"AK56",2.894441785,0.859437104,1.70740666,-0.329090396
"AK57",2.312222265,1.311482682,1.553358423,-0.151763646
"AK58",1.372013199,1.857907864,1.310437502,0.470065544
"AK59",0.173968464,3.2734052,0.371342366,1.973532171
"AK60",0.615010822,3.326184092,0.222033452,2.162714577
"AL18",-0.25861925,-1.258717016,-1.520730024,4.624626359
"AL19",0.381019465,-1.65039327,-1.463753443,3.601652558
"AL20",-0.043683159,-1.439773119,-1.443433025,0.941666628
"AL21",-0.866219324,-1.266144693,-1.652402787,-0.458740469
"AL22",-0.24075142,-1.445229859,-1.221419755,-0.458740469
"AL23",0.885790598,-1.174608817,-0.606547694,-0.458740469
"AL24",0.596549278,-0.989920253,-0.642490935,-0.458740469
"AL25",-0.072515516,-0.62106537,0.014195916,-0.458740469
"AL26",0.032379685,0.150776297,0.892875301,-0.458740469
"AL27",0.112567173,0.136647078,1.50548291,-0.458740469
"AL28",0.073625237,-0.408096906,0.865970668,-0.458740469
"AL29",-0.312167165,-0.476435824,0.515597605,-0.458740469
"AL30",-0.38261713,-0.719331404,-0.031519332,-0.458740469
"AL31",-0.569797469,-1.153951541,-0.909464549,-0.458740469
"AL32",0.315612509,-1.362350365,-1.434373938,-0.112216563
"AL37",-0.464664904,-0.94503405,-0.886984377,-0.458740469
"AL38",-0.325839078,0.104328725,0.341292178,-0.400647752
"AL39",-1.64335373,-0.332353562,0.03533421,-0.458740469
"AL47",-0.506607157,0.486372072,0.700703079,-0.458740469
"AL48",-0.953017177,0.298596542,0.796726473,-0.458740469
"AL49",-0.828599518,0.26135979,0.626992442,-0.458740469
"AL50",0.431709609,0.207060666,0.151132517,-0.458740469
"AL51",-0.186245571,0.669175547,0.383694199,-0.458740469
"AL52",0.328651141,0.724261616,0.157318673,-0.458740469
"AL54",-0.262759592,0.931585546,0.411920231,-0.445106464
"AL55",1.242046081,1.240765047,1.540042035,-0.311560961
"AL56",1.534248461,1.74317503,1.378171891,-0.077835159
"AL57",1.657288415,1.76476233,1.361940847,-0.107050884
"AL58",0.710255472,1.85508202,1.262729916,-0.269558063
"AL59",1.089730749,2.659284963,0.81060859,1.397770675
"AL60",0.107429029,2.99538152,0.384889141,3.504436174
"AL61",0.349590562,3.124458194,0.590398742,4.229155527
"AL62",-0.117006911,4.477679657,0.269195788,3.854347411
"AL66",-1.101873162,2.015314516,-0.522854886,-0.458740469
"AL67",-1.054840486,2.229506319,-0.320050545,-0.348567546
"AL68",-1.312304692,1.680416259,-0.484017725,-0.458740469
"AM19",-0.346897478,-1.66058777,-1.993821461,5.087928483
"AM20",0.49811405,-1.572525178,-1.982140823,4.210863943
"AM21",-1.219672302,-1.542596273,-1.841492682,1.191566933
"AM22",-0.201627378,-1.474734887,-1.429257036,-0.149223148
"AM23",-0.243664766,-1.491130146,-1.379976672,-0.318335622
"AM24",-0.70979504,-1.474709848,-1.040194004,-0.458740469
"AM25",-0.213455006,-1.16832042,-0.456777238,-0.458740469
"AM26",0.072144854,-0.683657809,-0.07438264,-0.441973183
"AM27",0.866173307,0.438851395,0.784794457,-0.455776555
"AM28",-0.023733379,0.253150535,1.465953563,-0.458740469
"AM29",-0.49583259,-0.246326293,0.830279061,-0.458740469
"AM30",-0.809805476,-0.599800001,0.34492001,-0.458740469
"AM31",-0.2087762,-1.301208406,-0.979191021,-0.458740469
"AM38",0.614203288,0.484977035,0.32308953,-0.248302564
"AM39",-0.24743305,0.099553407,0.98109778,-0.443582165
"AM40",-0.108140343,-0.367068516,0.700094857,-0.424782481
"AM41",-1.346646948,-0.222986254,0.237404895,-0.458740469
"AM48",-0.38589468,0.194755726,0.607951185,-0.458740469
"AM49",-0.692069756,0.40283083,0.583101095,-0.458740469
"AM50",-0.000276229,0.666671635,-0.078010472,-0.458740469
"AM51",-0.16036612,-0.026464917,-0.113555399,-0.458740469
"AM52",-0.50869727,0.561417897,0.648969347,-0.458740469
"AM53",-0.343501242,1.001838168,0.742329463,-0.458740469
"AM55",0.229171015,1.491853785,0.819940814,-0.318250938
"AM56",0.607901568,1.578560688,0.63980505,-0.222812902
"AM57",0.590596047,1.417004696,1.350952395,-0.15472756
"AM58",0.273195219,1.592743562,1.306432346,-0.441973183
"AM59",1.188451054,1.854885284,1.283134043,0.375728391
"AM60",0.964062226,1.547029279,1.263191203,0.650102158
"AM61",-0.36937254,1.927767014,0.617408841,0.041906973
"AM62",-0.512512975,2.044377782,0.110953478,-0.26896528
"AM63",-0.368494041,1.770574983,-0.10978063,-0.400986485
"AM67",-1.149562981,0.648643467,-0.428907794,-0.458740469
"AN23",-0.330050693,-1.659829442,-1.592343624,0.858592348
"AN24",-0.457191739,-1.550134837,-1.023627362,-0.453236057
"AN25",-0.962627859,-1.463476224,-1.013163169,-0.187161249
"AN26",0.093028708,-1.088238154,-0.493894942,-0.458740469
"AN27",0.958085142,-0.773362252,-0.30201608,-0.458740469
"AN28",0.984605729,0.414509791,0.700891997,-0.458740469
"AN29",-0.197930359,-0.145114585,0.861965,-0.458740469
"AN30",-0.656389363,-0.386366525,1.136802758,-0.458740469
"AN31",0.662771613,-0.209250507,0.507838672,-0.458740469
"AN32",0.474886719,-0.95911319,-0.811512045,-0.450356826
"AN35",0.135335166,-0.816467101,-1.104069661,-0.450780243
"AN36",1.815011277,-0.797498177,-1.428250499,0.481497784
"AN38",0.382135636,-0.075577366,-0.640330926,-0.344079333
"AN39",-0.187504289,-0.15634642,0.261793187,-0.437400287
"AN40",0.075240306,-0.596941964,0.147651621,-0.458740469
"AN41",0.031904649,-0.065239786,0.430940498,-0.458740469
"AN42",-0.358922609,0.571773363,0.926281465,-0.458740469
"AN56",-0.201857198,0.701654865,0.167321579,-0.423850966
"AN57",-0.118962323,1.306957754,0.678096962,-0.447477595
"AN58",-0.185889221,1.374241452,1.060302898,-0.322654468
"AN59",-0.510145939,1.526193153,1.036501327,-0.425036531
"AN60",-0.433006482,1.55944153,0.744321546,-0.391332593
"AN61",-0.69390649,1.86330916,0.546528897,-0.43020221
"AN62",-1.156481991,1.697729023,0.116447448,-0.458740469
"AO17",0.283629143,-0.812099563,-0.376565583,-0.428423862
"AO18",0.398602209,-1.370257362,-1.212172007,0.213136528
"AO24",0.373514594,-1.4723204,-1.460670861,4.726246273
"AO26",-0.384857627,-1.403239251,-1.019957548,0.895683617
"AO27",-0.543015658,-1.255613953,-0.711189879,0.297735107
"AO28",0.858929661,-0.818153664,-0.361215387,-0.458740469
"AO29",0.526447509,-0.171656054,0.426892849,-0.458740469
"AO30",-0.269314699,-0.137817469,1.640930697,-0.458740469
"AO31",-0.83295368,-0.122829766,1.388132816,-0.458740469
"AO32",-0.349208947,-0.228065619,0.821722988,-0.458740469
"AO33",0.016522842,-0.282328973,0.386545882,-0.458740469
"AO34",0.748033824,0.191697376,0.622756387,-0.458740469
"AO35",0.92886503,0.446023315,0.629214912,-0.458740469
"AO36",1.812232316,0.382495486,1.18660738,-0.286918131
"AO37",1.248680307,0.126416808,0.536525991,-0.331630894
"AO38",1.237604948,-0.129053777,0.022919916,-0.374819357
"AO39",-0.102004706,-0.495376131,-0.52635703,-0.458740469
"AO40",-0.904820909,-0.739239295,-0.714650041,-0.458740469
"AO41",-1.033663694,-0.822839557,-1.315555765,-0.074701878
"AO42",-0.020701347,-0.119664106,0.023926453,-0.458740469
"AO43",0.365867176,0.669694215,1.054536047,-0.458740469
"AO44",-0.245762724,-0.299337691,-0.20173564,-0.458740469
"AO57",-0.582574876,0.408500402,0.210415787,-0.457554904
"AO58",-0.416048865,1.122741357,0.998545269,-0.457300854
"AO59",-0.347419927,1.134617055,0.45509789,-0.456792754
"AO60",-0.885931733,1.095824301,0.544033546,-0.458740469
"AO61",-0.572924626,1.413123632,0.551645544,-0.3240094
"AO62",-1.006042643,1.445030627,0.192255633,-0.458740469
"AP17",2.117805825,-0.175841165,1.50468577,-0.456454021
"AP18",0.606041274,-0.556661171,-0.303001626,-0.235261342
"AP19",-0.059650836,-1.228671858,-1.526182268,2.302865375
"AP21",-1.547713162,-1.358417434,-1.252749617,3.444649791
"AP22",-0.728050633,-1.335624679,-1.192375847,1.090370435
"AP23",-1.041944393,-1.284618199,-1.109941466,2.388903569
"AP29",-0.017368231,-0.921032263,-0.03940421,-0.458740469
"AP30",1.127516345,-0.522060681,1.025764765,-0.437908387
"AP31",-0.480870252,-0.680061118,0.078155536,-0.458740469
"AP32",-0.100334379,-0.465669002,0.2593818,-0.458740469
"AP33",-0.822978793,-0.798995159,0.161743646,-0.458740469
"AP34",-0.514571366,-0.853795066,0.137019501,-0.458740469
"AP35",-0.849451967,-0.967660473,0.187579282,-0.458740469
"AP36",-1.017869969,-0.946064231,0.374739811,-0.458740469
"AP37",-1.554561049,-0.892916906,0.515115328,-0.458740469
"AP38",-0.74492097,-0.413766479,0.956520571,-0.458740469
"AP39",0.133340187,0.06317514,1.09532331,-0.458740469
"AP40",2.431208842,-0.282382629,1.240165781,-0.457385537
"AP41",0.812403727,-0.640887412,-0.69646864,-0.45797832
"AP43",0.24450541,-0.55322008,-0.689611289,-0.312153743
"AP44",-0.348987282,-0.311553206,-0.417667708,-0.458740469
"AP57",-1.302250679,0.033002998,-0.094430434,-0.458740469
"AP58",-0.283350816,0.232833076,-0.101098867,-0.458740469
"AP59",-0.093075026,0.476070261,0.060163309,-0.458740469
"AP60",-0.398806772,0.941458114,0.32308953,-0.458740469
"AP61",-0.80333765,0.576173094,-0.159060994,-0.458740469
"AP62",-1.26797185,1.081623542,-0.066833359,-0.458740469
"AP63",-1.034217857,1.013141543,-0.372350518,-0.458740469
"AQ19",0.366579584,-1.165083219,-0.753885516,-0.458740469
"AQ20",-0.424899735,-1.187096184,-0.87612187,-0.458740469
"AQ21",-0.776920043,-1.170461265,-0.785613692,-0.378545421
"AQ22",0.630915387,-0.898547131,-0.307237681,0.250143114
"AQ23",-0.383345538,-1.197136872,-0.733921686,-0.458740469
"AQ24",-0.735159895,-1.245444493,-0.772045926,0.857237416
"AQ29",-0.656500195,-1.079513808,-0.189468026,-0.458740469
"AQ30",0.798945325,-0.775780316,0.036005405,-0.458740469
"AQ31",-1.134537231,-0.976050368,-1.203091674,-0.144904302
"AQ32",-0.589177387,-0.95229003,-1.104468231,-0.347297297
"AQ33",-0.64732499,-1.106405825,-1.095450871,0.160717589
"AQ34",0.379729041,-0.983445851,-0.356161456,-0.454929723
"AQ35",0.623172843,-0.903748115,0.047790485,-0.458740469
"AQ36",0.840958852,-0.952504651,-0.100595599,-0.458740469
"AQ37",-1.38009469,-0.800413447,0.098077385,-0.458740469
"AQ38",-0.30141645,-0.481050177,0.550471592,-0.458740469
"AQ39",-0.51826054,-0.348485911,1.040590958,-0.458740469
"AQ40",1.358927155,-0.292845405,1.619079226,-0.458740469
"AQ41",1.413702382,-0.01382016,1.092513608,-0.458740469
"AQ42",-0.353072366,-0.571766916,-0.414312244,-0.458740469
"AQ43",0.007980609,-0.839553171,-0.663209668,-0.458740469
"AQ44",-0.208119057,-0.611135569,-0.483011188,-0.458740469
"AQ46",-1.102973635,-0.407345733,-0.860394094,-0.458740469
"AQ47",-0.122350404,-0.48165827,-1.016539368,-0.458740469
"AQ58",-1.070270007,-0.242409459,-0.510587273,-0.458740469
"AQ59",-0.999550964,-0.304005699,-0.276453069,-0.458740469
"AQ60",-1.216046548,0.014366737,-0.39382441,-0.458740469
"AR23",1.25917765,-0.999892977,-0.830951616,-0.458740469
"AR24",0.884476614,-1.05442282,-0.745161772,-0.458740469
"AR25",0.382420721,-1.060090604,0.129910772,-0.366943814
"AR26",0.058773733,-1.061820092,-0.260201034,0.040552041
"AR27",-0.687755154,-1.067822327,-0.280353527,-0.458740469
"AR28",-0.693811364,-1.075723958,-0.283373393,-0.458740469
"AR29",-0.65316738,-0.971977933,-0.177494028,-0.458740469
"AR30",1.844737839,-0.984549361,0.100342349,-0.458740469
"AR33",0.519900564,-0.935689092,-1.11591797,0.324156284
"AR34",0.585276106,-0.793255835,-0.617641101,-0.340946052
"AR35",1.180122642,-0.580138925,-0.117938134,-0.369653678
"AR36",0.200718569,-0.490869089,-0.150484185,-0.458740469
"AR37",0.487125963,-0.475988697,0.199029021,-0.415043906
"AR38",1.472079194,-0.34222613,-0.120475466,-0.458740469
"AR39",0.05734077,-0.215635484,0.564835987,-0.458740469
"AR40",-0.647578361,-0.252675499,1.163833848,-0.458740469
"AR41",1.475823935,-0.327578244,2.002983886,-0.458740469
"AR42",2.853172381,-0.26417561,1.801815295,-0.458740469
"AR43",2.159502861,-0.135349327,1.139549999,-0.458740469
"AR44",-0.517064941,0.093508248,0.615479731,-0.458740469
"AR45",-0.426467391,0.024793743,0.467869029,-0.458740469
"AR46",-0.680361116,-0.25194221,0.043156116,-0.458740469
"AR47",0.495683594,0.131120586,0.056241605,-0.458740469
"AR48",0.76185613,0.019624953,-0.59098759,-0.458740469
"AR49",-0.808119435,-1.233735126,-1.268393429,-0.057934592
"AR50",-0.419571941,-0.650725998,-1.256587102,-0.429270694
"AR51",0.445539759,0.098838004,-1.428586096,-0.458740469
"AR58",-0.45028059,-0.454955835,-0.589435803,-0.458740469
"AR59",-0.956326132,-0.207050642,-0.459272845,-0.458740469
"AR60",-0.720490188,-0.244412589,-0.685878502,-0.458740469
"AS28",1.643861726,-0.599134676,-0.929889922,-0.458740469
"AS29",0.658702536,-0.52993012,-1.180380859,-0.458740469
"AS30",0.696932064,-0.725165519,-0.764161047,-0.458740469
"AS31",0.613585713,-0.987310819,-1.022264237,1.213161165
"AS32",0.807938733,-0.631580013,-0.169923757,0.243622503
"AS33",0.214968498,-0.336556558,0.501232699,-0.458740469
"AS34",-0.83888335,-0.798680382,-0.483766091,-0.458740469
"AS35",-0.162044307,-0.895510243,-0.971851392,0.773570354
"AS36",-0.408235357,-1.023404713,-1.326124912,1.772663474
"AS37",0.530936364,-0.928805122,-1.579048483,2.366631871
"AS39",1.53809588,-0.859985095,-1.202001174,1.934239137
"AS40",1.70001465,-0.020652264,0.378681994,0.464391766
"AS41",0.64039953,0.078556315,1.112602872,-0.458740469
"AS42",1.119845676,-0.242874471,1.141269712,-0.458740469
"AS43",-0.091428244,-0.181814784,1.427137392,-0.458740469
"AS44",-0.525053011,0.347118783,1.400610082,-0.458740469
"AS45",0.008891123,0.224623821,0.829586875,-0.458740469
"AS46",-1.153006629,-0.540906198,0.265043696,-0.458740469
"AS47",-0.443757197,-0.280343729,0.469378834,-0.458740469
"AS48",1.990023946,-0.280397384,0.212743723,-0.458740469
"AS49",-0.165614795,-0.468906202,-0.43222102,-0.458740469
"AS50",-0.396138644,-0.34422926,-0.320386143,-0.458740469
"AS51",0.191590768,-0.310229709,-0.573309713,-0.458740469
"AS52",-0.409533626,-0.610584709,-1.084609098,-0.458740469
"AS53",-0.892288727,-0.793202179,-1.18258285,-0.458740469
"AS59",-1.12776832,-0.532541343,-0.52977521,-0.458740469
"AS60",-0.834695287,0.15050802,-0.365115844,-0.458740469
"AS61",-1.382533,-0.005575135,-0.881762776,-0.458740469
"AT31",1.134863271,-1.026441601,-1.329354431,1.296066078
"AT32",1.586284595,-0.970872635,-0.130017086,0.114141796
"AT33",1.763141241,-0.350900398,2.197861367,-0.458740469
"AT34",0.073419279,-0.332210481,1.253922465,-0.458740469
"AT35",0.24761656,-0.623018421,-0.207670418,-0.312661843
"AT36",-1.347201111,-1.007095302,-1.239370512,2.315567864
"AT41",1.946062552,-0.808309713,-0.65945589,0.377930155
"AT42",1.089856979,-0.101027845,0.775210856,-0.458740469
"AT43",-0.302255691,-0.278125978,1.061603307,-0.458740469
"AT44",-0.645504264,-0.430578461,0.838226912,-0.458740469
"AT45",0.812340307,-0.020312447,1.379996047,-0.458740469
"AT46",1.695913559,-0.091977991,1.263044267,-0.458740469
"AT47",-0.755173096,-0.486397818,0.515387697,-0.458740469
"AT48",1.117304087,-0.184604857,0.895475606,-0.458740469
"AT49",0.388635176,-0.170779685,0.396339392,-0.458740469
"AT50",-0.383202999,-0.274155489,-0.139705385,-0.458740469
"AT51",0.838243619,-0.233770962,-0.754304821,-0.458740469
"AT52",0.761848277,-0.026268181,-0.991563589,-0.458740469
"AT53",-0.437186391,-0.522507809,-1.429089365,-0.458740469
"AT61",-1.396410872,-0.43873406,-1.097946222,-0.458740469
"AU33",1.964365859,-0.920533269,0.101915126,-0.458740469
"AU34",0.405924983,-0.295420857,1.557635947,-0.458740469
"AU35",-0.166873505,-0.506125069,0.541517205,-0.458740469
"AU40",-0.576811604,-1.081710097,-1.498396532,2.150858921
"AU42",2.736917036,-1.051199927,-1.207998925,0.523415999
"AU43",1.530622715,-0.437231713,-0.289937128,-0.458740469
"AU44",0.468252494,-0.307850993,0.686044813,-0.458740469
"AU45",-0.578363253,-0.397759326,0.799809056,-0.458740469
"AU46",-0.813708454,-0.220875814,0.819772887,-0.458740469
"AU47",-0.92431136,-0.467779442,0.31130445,-0.458740469
"AU48",-0.856007066,-0.546411228,0.122046884,-0.458740469
"AU49",-0.869781959,-0.641833533,-0.344816672,-0.458740469
"AU50",-1.302440638,-0.621135122,-0.46365558,-0.458740469
"AU51",-0.386789186,-0.469406985,-0.047226116,-0.458740469
"AU52",0.244196464,-0.271741002,-0.037705488,-0.458740469
"AU53",2.754475627,0.367167966,0.799976983,-0.458740469
"AU54",2.870953231,0.353539529,0.375410494,-0.458740469
"AU55",1.730263669,-0.372505583,-1.222279612,-0.432319292
"AU56",1.047083632,-0.37710205,-1.526349939,0.611232541
"AU57",-0.455481544,-0.703224095,-1.502821248,0.84487366
"AU58",-0.95842409,-0.619414576,-1.334345388,-0.458740469
"AU59",-0.966997728,-0.55958896,-1.407049488,-0.457300854
"AV34",0.680995793,-0.931140914,-0.385834577,0.38453545
"AV35",0.266553148,-0.704510032,-0.2226223,-0.458740469
"AV36",-0.325942058,-0.83593323,-0.709113833,-0.311222228
"AV37",-0.74716932,-0.940863247,-0.775841429,-0.327735464
"AV38",-0.345891838,-1.102809134,-1.133386194,0.961143778
"AV39",-0.54873937,-0.98390371,-1.227228588,2.813590126
"AV40",-0.768385972,-0.879297412,-0.640498852,0.115835461
"AV41",-0.797194468,-0.7576663,-0.930393191,0.013453397
"AV43",-1.116067826,-1.160095068,-1.15295171,0.224822818
"AV44",0.500963975,-0.984828369,-0.834978019,-0.458740469
"AV45",0.253926133,-0.657003664,-0.345781227,-0.458740469
"AV46",-0.193362686,-0.542533741,0.047539107,-0.458740469
"AV47",-0.399962503,-0.11018501,0.746397592,-0.458740469
"AV48",-0.723846864,-0.351687341,0.204774881,-0.458740469
"AV49",-1.348578808,-0.562082141,-0.255105379,-0.458740469
"AV50",-1.684638992,-0.644237289,-0.492783451,-0.458740469
"AV51",-1.520923348,-0.555176709,-0.501507196,-0.458740469
"AV52",-1.461722994,-0.67112394,-0.536024338,-0.458740469
"AV53",-0.607971437,-0.789034954,-0.552632962,-0.458740469
"AV54",1.877481327,-0.033958768,0.340159696,-0.458740469
"AV55",-0.19879346,0.002491039,0.071529085,-0.458740469
"AV56",0.203497222,-0.319315334,-0.15308449,-0.458740469
"AV57",-0.482983917,-0.549587619,-0.513900498,-0.458740469
"AV58",1.451393153,0.246372087,0.466233278,-0.45382884
"AV59",3.316721807,1.356213284,0.902542865,-0.3634718
"AV60",1.16935592,0.3095601,-0.801698056,-0.458740469
"AV61",-1.274922566,-0.455241996,-1.305364197,-0.376089606
"AV62",-1.004316742,-0.451056886,-1.20432911,-0.428254495
"AW35",-1.122709604,-0.956764878,-0.988061701,0.829884723
"AW36",-0.780229006,-0.787264331,-0.666900473,-0.342385668
"AW37",-0.926868648,-0.80578255,-0.802599639,0.619785551
"AW39",-0.151736923,-0.969468656,-1.475161201,3.818611075
"AW40",-0.705836796,-0.976631633,-1.440434405,4.521143413
"AW41",-0.327367167,-0.742345934,-0.592916955,-0.205960933
"AW42",-0.672705544,-0.894181381,-0.849615295,-0.023383821
"AW43",0.661600176,-1.123384139,-1.354728524,4.409192141
"AW44",0.030503392,-0.769261202,-1.085972224,1.096552313
"AW47",-0.753613594,-1.081037618,-0.650795118,-0.458740469
"AW48",-0.750605122,-1.033291589,-0.30161751,-0.458740469
"AW49",-1.164010722,-0.658252043,0.191291078,-0.458740469
"AW50",-1.486446564,-0.487900165,0.006793827,-0.458740469
"AW51",-1.430404924,-0.61250199,-0.413452643,-0.458740469
"AW52",-1.723184868,-0.721724429,-0.731426334,-0.458740469
"AW53",-1.234199463,-0.730055302,-0.909800147,-0.458740469
"AW54",-1.163195335,-1.074235919,-1.094549032,-0.458740469
"AW55",-1.153774604,-0.95142618,-1.019097691,-0.082069322
"AW56",-0.064028858,-0.686653561,-0.550871266,-0.458740469
"AW57",-1.120928437,-0.83306625,-0.593504187,-0.458740469
"AW58",-1.364388239,-0.886921825,-0.662958034,-0.458740469
"AW59",0.804479078,-0.507341255,-0.303462913,-0.440872301
"AW60",-0.181076022,-0.064774774,-0.427481696,-0.458740469
"AW61",-1.259952075,-0.374776989,-1.035224037,-0.458740469
"AW62",-1.016033236,-0.593338119,-1.28275808,-0.436130038
"AX36",-0.583707055,-0.842706312,-1.262836231,2.572412197
"AX37",-0.585203437,-0.97574811,-1.110402753,0.141917905
"AX38",-0.373837534,-0.647726669,-1.334219443,1.940844432
"AX39",-1.01543166,-0.925746772,-1.484660839,0.666615394
"AX40",-0.926662689,-1.003600556,-1.61274775,1.058614212
"AX42",-0.390937389,-0.9422869,-1.011129105,0.772130738
"AX43",-0.752307163,-0.944690656,-1.155761668,4.657229414
"AX44",-1.291341418,-0.953168187,-1.529831092,5.17015593
"AX46",-1.150607887,-1.05430299,-1.098428755,0.209918564
"AX48",-0.727417352,-1.352883788,-0.701312918,-0.458740469
"AX49",0.200655149,-0.73326031,-0.06687534,-0.458740469
"AX50",-0.320384745,-0.622605276,0.063182919,-0.458740469
"AX51",-1.103725603,-0.560143397,0.134503159,-0.458740469
"AX52",-0.837402975,-0.502279775,-0.174096839,-0.458740469
"AX53",-1.397716994,-0.874194797,-0.642532916,-0.458740469
"AX54",-1.077228869,-1.029022419,-0.927163672,-0.458740469
"AX55",-1.203498667,-0.954715247,-1.186357362,-0.031767464
"AX56",-0.8585402,-1.147577296,-1.482962372,0.031575615
"AX59",-0.777600745,-1.299298279,-1.219113066,1.547829415
"AX60",-0.47350792,-0.952622692,-0.533487006,0.232698362
"AX61",0.078153652,-0.238957637,-0.244410542,-0.458740469
"AX62",0.03402646,-0.04971553,-0.469024117,-0.458740469
"AX63",-0.114972365,-0.01483961,-0.650732146,-0.458740469
"AX64",0.141225277,-0.637979297,-1.449975769,-0.458740469
"AY42",-1.207140421,-1.290405813,-1.60901522,2.302187909
"AY43",-0.872156848,-1.145123462,-1.075550012,1.263886438
"AY44",-1.142509293,-0.866037408,-0.990850668,3.497153414
"AY45",-1.176978081,-0.906125043,-1.374063141,5.979050445
"AY46",-0.942020936,-1.006903932,-1.438001771,4.51352192
"AY47",-1.000009993,-1.109707412,-1.277096183,0.981721811
"AY48",-1.495091467,-1.212437564,-0.967049352,-0.458740469
"AY51",-0.283398228,-0.936132642,-0.428949776,-0.458740469
"AY52",-0.419833165,-0.386438066,-0.247325198,-0.458740469
"AY53",-1.316912232,-0.56141145,-0.519248044,-0.458740469
"AY54",0.388247413,-0.599962755,-0.619926799,-0.458740469
"AY55",-0.792001066,-0.985876435,-0.968034898,-0.458740469
"AY56",-0.967504478,-1.176687064,-1.442405497,-0.458740469
"AY61",-0.250140437,-1.185531239,-1.087712672,0.576004304
"AY62",-1.336830299,-1.220959808,-0.920243349,-0.23365236
"AY63",-0.836310356,-0.395631,-0.534094973,-0.458740469
"AY64",0.121291203,-0.423460196,-1.321993811,-0.458740469
"AZ43",-0.79175554,-1.350989757,-1.685452106,2.232493585
"AZ44",-0.754658492,-1.181190529,-1.085426974,1.064880774
"AZ45",-0.881522306,-0.715051503,-0.940291143,0.963345543
"AZ46",-1.019223813,-0.75530368,-1.339273373,2.786237432
"AZ53",-1.36922529,-0.828773829,-1.231925929,-0.428169812
"AZ54",-0.985768218,-1.148274814,-1.192019515,-0.455014406
"AZ55",-0.323313797,-1.014515825,-1.277242863,-0.416568205
"AZ56",-1.075099205,-0.937470446,-1.513348414,-0.422834766
"AZ63",-1.083839242,-1.058314615,-1.439910146,1.396585109
"AZ64",-0.718598196,-0.663102479,-1.55602306,0.295872075
"BA45",-1.522546269,-1.124897217,-1.405518692,0.878662281
"BA46",-1.529053655,-0.892239061,-1.338770105,0.515032356
"BA62",-1.52561786,-1.030962951,-1.415521598,-0.19444401
"BA63",-2.020627911,-0.986940597,-1.231737268,-0.458740469
"BA64",-1.177247159,-0.56527284,-1.252204367,-0.409285445
"BA66",-1.990457718,-0.510310179,-1.233205091,-0.458740469
"BA71",-1.481902293,-0.640257857,-1.189377228,-0.458740469
"BA72",-4.003763558,-0.524189007,-1.220497182,-0.458740469
"BB53",-0.910695013,-0.975588933,-2.047379606,2.594599211
"BB54",-0.622910215,-0.858643713,-1.50082891,1.19537768
"BB55",1.061967151,-1.01470183,-1.307691877,2.405416805
"BB56",1.400885115,-1.015669413,-1.649907436,1.352295764
"BB61",-0.333557761,-0.969826357,-1.365716976,0.359130471
"BB62",-0.277223341,-0.811369851,-0.755164678,-0.458740469
"BB63",-0.845462009,-0.471320689,-0.308370163,-0.458740469
"BB64",-0.703509319,-0.101457087,-0.217232772,-0.384134516
"BB65",0.057942338,0.32900119,-0.042549765,-0.458740469
"BB66",-0.379482119,0.315050822,-0.11443599,-0.458740469
"BB67",-0.366712573,-0.144291871,-0.731426334,-0.458740469
"BB70",-1.807892766,-0.614993383,-1.059675301,-0.458740469
"BB71",-1.344382891,-0.590832418,-1.019873585,-0.458740469
"BB72",-4.003763558,-0.477169113,-1.075843628,-0.458740469
"BB76",-1.916540244,-0.24477029,-1.158634598,-0.458740469
"BB77",-1.901055458,-0.176967925,-1.156222954,-0.458740469
"BB78",-4.003763558,-0.341349761,-1.196045662,-0.458740469
"BC36",-0.354727001,-1.378065991,-2.253277281,1.06869152
"BC37",-0.277342019,-1.312447395,-1.058291441,1.139402044
"BC38",0.78916039,-1.195482502,-0.463970187,2.638380458
"BC39",0.19231103,-1.370598967,-1.195940963,3.000740134
"BC40",0.843428867,-1.416658432,-1.647537774,2.125453942
"BC41",0.003309957,-1.591499467,-1.96754553,0.906946491
"BC42",-0.475130842,-1.529010761,-1.950223986,3.474288933
"BC43",-0.075373295,-1.626230517,-2.391146951,2.11165057
"BC45",-0.848802678,-1.559964481,-2.211137261,-0.26921933
"BC48",-0.774806085,-1.262075835,-2.385428353,0.71505422
"BC49",-0.84357001,-1.301297831,-2.46702822,-0.124241586
"BC53",-0.967836968,-0.965465973,-1.497033406,1.944993912
"BC54",0.147313193,-1.03462224,-0.865909311,0.253869177
"BC55",-0.627620426,-0.885829046,-0.513292532,-0.257363673
"BC56",1.381719309,-0.389478531,-0.262445007,-0.458740469
"BC57",-0.164079146,-0.98140874,-1.012554947,-0.456962121
"BC58",-0.017851121,-0.959435122,-0.839507434,-0.458740469
"BC59",-0.841297799,-0.946028461,-0.804549996,-0.458740469
"BC60",0.19237445,-0.573575098,-0.442370606,-0.458740469
"BC61",-0.119920249,-0.846394217,-0.818684003,-0.458740469
"BC62",-0.125873479,-0.589485671,-0.367359817,-0.458740469
"BC63",0.032902134,-0.504211364,-0.339343181,-0.458740469
"BC64",0.48512283,-0.438966567,-0.590442339,-0.458740469
"BC65",0.554923815,-0.127640855,-0.318414795,-0.458740469
"BC66",-0.579550698,-0.507019323,-0.202931094,-0.458740469
"BC67",-0.058329006,0.544140903,0.22960398,-0.458740469
"BC68",0.108371257,0.22542865,-0.293208372,-0.458740469
"BC75",-1.661846989,-0.392053983,-1.029687829,-0.458740469
"BC76",-1.598672384,-0.333408782,-0.879917373,-0.458740469
"BC77",-1.660018259,-0.51456683,-1.053405182,-0.458740469
"BC78",-1.678432248,-0.692487677,-1.266904615,-0.458740469
"BD38",-1.018970442,-1.230344114,-0.670402361,-0.069366832
"BD39",-1.376761875,-1.044666505,-0.957486742,0.64468243
"BD41",-0.141936282,-0.790878907,-1.195773037,-0.458740469
"BD42",-0.938822514,-0.938110732,-1.243795229,-0.313085259
"BD43",-0.523058032,-1.213313934,-1.494789434,0.21525361
"BD44",-1.318843791,-1.36913239,-1.800222886,-0.401494584
"BD45",-0.929298803,-1.1264407,-1.593308435,0.085942269
"BD46",-1.0383265,-0.984576189,-1.596181365,0.196877342
"BD49",-2.018150043,-1.200848028,-2.618847332,0.255562842
"BD53",-1.849043334,-0.925800427,-0.954488122,2.564621337
"BD54",-1.818508938,-0.942578427,-0.748852577,0.713445238
"BD55",-0.451175096,-0.803414564,-0.750949614,0.625628696
"BD56",-0.629647119,-0.960755041,-1.086748117,0.142426005
"BD59",-1.533178306,-0.891960054,-1.210473285,1.556128374
"BD60",-1.202295516,-0.971207086,-1.094507307,0.503007333
"BD61",-1.490286122,-0.752404507,-1.170755532,-0.397175738
"BD62",0.002296465,-0.646989804,-0.989235909,-0.458740469
"BD63",-0.28502115,-0.776823017,-0.541161976,-0.458740469
"BD64",-0.148119023,-0.542859249,-0.533172399,-0.458740469
"BD65",-0.167752313,-0.786658026,-1.00758498,-0.458740469
"BD67",-1.811360116,-0.88611163,-0.497585747,-0.458740469
"BD68",-0.180331908,0.416799083,0.499219625,-0.458740469
"BD69",0.542423339,0.724923364,0.028246471,-0.458740469
"BD72",-0.591504864,-0.479351093,-1.24629058,-0.458740469
"BD73",-1.222981558,-0.514978187,-1.084777025,-0.458740469
"BD74",-1.912637417,-0.48471662,-1.046191498,-0.458740469
"BD75",-1.212420802,-0.579589853,-1.089222733,-0.458740469
"BE38",-1.346148352,-1.311520947,-1.279381881,0.861132846
"BE43",-0.340603603,-0.648032504,-1.163080306,-0.165905751
"BE44",-0.579914901,-0.965383702,-1.2547417,1.757251121
"BE45",-0.185208526,-1.140235468,-1.123718885,-0.161502221
"BE46",-1.368465168,-0.920395554,-1.286302205,-0.381932751
"BE47",-1.217147021,-1.042119668,-1.589869264,1.531485545
"BE51",-0.697690481,-0.904738948,-1.568856915,2.673100595
"BE52",-1.149491715,-0.944273933,-0.983888618,2.664971002
"BE53",-0.732190983,-0.915149858,-0.257957318,-0.419193386
"BE54",0.029205115,-0.476954492,0.210583714,-0.458740469
"BE55",0.255113578,-0.264676392,0.043219089,-0.458740469
"BE56",-0.665667856,-0.676766685,-0.59644009,-0.458740469
"BE57",-0.320629962,-0.675720408,-0.825792988,-0.458740469
"BE58",-0.226089866,-0.568490368,-0.731279399,-0.458740469
"BE59",0.05176745,-0.743569274,-0.534556515,-0.458740469
"BE60",0.195572873,-0.7659775,-0.707687735,-0.431557142
"BE61",-1.369154017,-0.859629182,-1.042395739,-0.458740469
"BE62",-1.578817579,-0.896104028,-1.074459512,-0.458740469
"BE64",-0.366015871,-1.147607701,-1.11430321,-0.436553455
"BE65",-1.133998775,-1.135653308,-1.046568821,-0.078343258
"BE66",-1.028890063,-0.91087711,-1.002006791,-0.285563199
"BE67",-1.556413489,-0.850869066,-0.840807587,-0.458740469
"BE68",-1.310040643,-0.986294946,-0.547725711,-0.458740469
"BE69",-1.082453684,-0.574161729,-0.388791471,-0.458740469
"BE70",-1.43357134,-0.478921851,-0.77244424,-0.458740469
"BE73",-1.608940209,-0.526478298,-1.031533232,-0.458740469
"BE74",-1.859706927,-0.644085265,-0.952495784,-0.458740469
"BF44",-1.041873128,-1.004036952,-1.408769202,0.632911456
"BF45",-0.261959911,-0.940831054,-0.567962167,0.31729694
"BF46",-0.020249871,-0.697216494,-0.569870542,-0.458740469
"BF47",-0.162519344,-0.637734271,-0.98080578,-0.458740469
"BF48",-1.106718067,-0.759492367,-1.565396753,-0.458740469
"BF53",-0.733038076,-1.097395318,-1.063093481,1.543679935
"BF54",-0.562031373,-0.97175437,-0.842233684,0.120577723
"BF55",0.53323998,-0.910742972,-0.856661307,-0.458740469
"BF56",0.26804923,-0.745624271,-0.885495562,-0.458740469
"BF57",-0.718614195,-0.902480062,-0.873898888,-0.458740469
"BF58",-0.567287894,-0.825604592,-0.793016293,-0.458740469
"BF59",0.542977502,-0.554318225,-0.448850634,-0.458740469
"BF60",0.388421357,-0.459749038,-0.309313727,-0.458740469
"BF61",-0.409494067,-0.782093752,-0.786431567,-0.458740469
"BF62",-0.609412253,-0.989773595,-0.978436118,-0.458740469
"BF63",-1.185100535,-1.057829929,-1.206195248,-0.458740469
"BF65",-1.099221041,-1.003015714,-1.069531527,-0.061999389
"BF66",-0.907932059,-1.020417903,-1.047302989,-0.307750214
"BF67",-0.590531231,-0.857801326,-0.782384174,-0.458740469
"BF68",-1.482591141,-1.073298741,-0.930812496,-0.458740469
"BF69",-1.546375326,-1.102197464,-0.830658,-0.458740469
"BF70",-1.289196047,-0.666822577,-0.518702795,-0.458740469
"BF71",-0.4743073,-0.33501844,-0.738702991,-0.458740469
"BF72",-1.292845654,-0.487131106,-1.132903916,-0.458740469
"BF73",-1.848172388,-0.550955828,-0.8027883,-0.458740469
"BF74",-1.60738856,-0.613390879,-0.79907676,-0.458740469
"BF75",-1.603446165,-0.534884289,-1.053740779,-0.458740469
"BG46",0.732406198,-1.176690641,-0.964176422,-0.458740469
"BG47",0.486350143,-0.700890091,-0.898056792,-0.458740469
"BG48",-0.972460207,-0.866593634,-1.507162002,-0.458740469
"BG70",-0.663063148,-1.062800194,-0.595580233,-0.458740469
"BG71",-1.077909571,-0.720429548,-0.591428141,-0.458740469
"BG72",-0.916838195,-0.680497514,-0.840786596,-0.458740469
"BG73",-1.356297499,-0.779711458,-0.961932449,-0.458740469
"BG74",-0.717577151,-0.719880476,-0.901705615,-0.458740469
"BG75",-0.654346971,-0.520594104,-0.983699701,-0.458740469
"BH71",-0.732990664,-1.111937683,-1.213514142,-0.458740469
"BH72",-1.255867292,-0.935281312,-1.208690855,-0.424443748
"BH73",-0.969008714,-0.892872193,-1.249939659,-0.442820016
"BH74",-0.201334749,-0.897799535,-1.501185498,-0.458740469
"BH75",-0.656120285,-0.971566576,-1.628727416,-0.458740469
"BI68",-1.236906842,-1.037036726,-1.2450534,-0.154388827
"BI73",-0.296120362,-0.971026447,-1.64797807,-0.443836215
"BI74",0.197567852,-0.685376566,-1.393880036,-0.458740469
"BI75",-0.769454731,-0.608631657,-1.6359411,-0.458740469
"BJ68",-1.403163775,-0.954709882,-1.219993913,-0.212481545
"BJ69",-0.516043896,-0.960277509,-1.023396719,-0.458740469
"BJ70",-1.165609783,-0.902370963,-1.125794931,0.461258485
"BJ75",-0.338117881,-0.557210243,-1.547089663,-0.458740469
"BJ76",-0.070956014,-0.629153006,-2.188594116,-0.34814413
"BK72",-0.641102389,-0.830496163,-1.511524002,-0.358390804
"BK76",-0.683123761,-0.503996743,-2.088083161,-0.13160903
"BK77",-0.20556207,-0.462020444,-2.403917833,1.345944519
"BL65",0.316245799,-0.627139145,-1.528530939,-0.458740469
"BL71",0.964687662,-0.921626048,-1.693190305,-0.380069719
"BL72",-0.44206301,-0.916428641,-1.756793337,-0.408184562
"AB17",2.402969907,-0.647837557,1.982915101,-0.458740469
"W11",2.126926065,-0.387779447,1.594942313,-0.458740469
