"Site","Rgd_Availz","NDVI_z","Alt_z","Forest_z","Rgd_Avail","NDVI","Alt","Forest"
"AA17",2.633794848,-0.8754861,1.85826736,-0.419870852,83.843399,0.0812881,2942.01001,459
"AA18",0.76923447,-0.471857242,1.4240758,-0.458740469,60.2909012,0.103856,2734.959961,0
"AA19",0.215997698,-0.644144286,0.320992493,-0.458740469,53.3026009,0.094223,2208.939941,0
"AA20",1.977753289,-0.525458848,1.777279555,-0.458740469,75.5565033,0.100859,2903.389893,0
"AA21",1.340608149,0.166765564,-0.170804348,-0.458740469,67.5083008,0.139563,1974.420044,0
"AA22",-0.005334946,-0.436087068,-0.883587187,-0.458740469,50.5068016,0.105856,1634.52002,0
"AA23",-0.154784954,-0.979049697,-1.172076675,-0.458740469,48.6189995,0.0754976,1496.949951,0
"AA25",-0.666419824,-2.086259998,-1.813161695,-0.458740469,42.1562004,0.0135907,1191.23999,0
"AA32",-0.910322956,-0.546988916,-1.050993794,-0.458740469,39.0752983,0.0996552,1554.689941,0
"AA33",-0.59721287,-0.374580253,-0.646789962,-0.458740469,43.0303993,0.109295,1747.439941,0
"AA34",-0.956642931,-0.239404764,-0.873500574,-0.458740469,38.4902,0.116853,1639.329956,0
"AA35",-1.222989411,-0.322176948,-0.94922454,-0.458740469,35.1258011,0.112225,1603.219971,0
"AA39",-0.233610753,-0.456118365,0.164763256,-0.181487471,47.6232986,0.104736,2134.439941,3274
"AA40",-0.333114431,0.185920493,0.188795215,-0.427746396,46.3664017,0.140634,2145.899902,366
"AA42",-0.778938582,1.112636283,0.670212083,0.314248343,40.7349014,0.192449,2375.469971,9128
"AA52",0.303777029,2.670337947,-0.236840015,4.063769117,54.4113998,0.279544,1942.930054,53405
"AA53",-0.254850957,2.391706174,-0.1347774,4.029726446,47.3549995,0.263965,1991.599976,53003
"AA54",-0.261294923,2.474138541,-0.161640308,3.71749926,47.2736015,0.268574,1978.790039,49316
"AA55",0.254591129,2.469756695,-0.382835702,3.690908716,53.7901001,0.268329,1873.310059,49002
"AB17",2.402969907,-0.647837557,1.982915101,-0.458740469,80.9276962,0.0940165,3001.449951,0
"AB18",0.870131559,-0.32362564,1.320000113,-0.458740469,61.5653992,0.112144,2685.330078,0
"AB19",0.261644824,-0.519216953,0.506769162,-0.458740469,53.8792,0.101208,2297.530029,0
"AB20",2.678531769,-0.670598119,0.860497176,-0.458740469,84.4085007,0.0927439,2466.209961,0
"AB21",0.077243138,0.21509107,0.949075988,-0.458740469,51.5499001,0.142265,2508.449951,0
"AB23",-0.147414468,-0.656848064,-0.776009356,-0.458740469,48.712101,0.0935127,1685.819946,0
"AB32",-0.407530802,-0.463952033,-1.362319787,-0.458740469,45.4263992,0.104298,1406.229981,0
"AB33",-0.044941877,-0.077401645,-0.321036091,-0.458740469,50.0065002,0.125911,1902.780029,0
"AB34",-1.252146412,-0.057388233,-0.289790192,-0.458740469,34.7574997,0.12703,1917.680054,0
"AB35",-1.23679601,-0.097576023,-0.405358112,-0.458740469,34.9514008,0.124783,1862.569946,0
"AB38",-0.260701201,-0.010833351,-0.236127094,-0.451457709,47.2811012,0.129633,1943.27002,86
"AB39",-0.494993342,0.294339891,0.519183456,-0.212904961,44.3216019,0.146696,2303.449951,2903
"AB40",-0.511143425,1.21363337,0.817927228,-0.161163488,44.1175995,0.198096,2445.909912,3514
"AB41",-1.065923999,1.394862958,0.628145403,-0.451373026,37.1097984,0.208229,2355.409912,87
"AB42",-0.975302287,1.705830968,0.705211503,-0.255754691,38.2545013,0.225616,2392.159912,2397
"AB43",-0.42140052,1.308889344,0.357627664,-0.035154795,45.2512016,0.203422,2226.409912,5002
"AB47",-0.340587897,1.816986784,0.413304091,3.654325547,46.2719994,0.231831,2252.959961,48570
"AB48",-0.279376565,1.581368646,0.583122086,4.062329502,47.0452003,0.218657,2333.939941,53388
"AB49",-0.201152643,2.060778407,0.518260883,3.651785049,48.0332985,0.245462,2303.01001,48540
"AB50",-0.479104792,2.043179481,0.577460189,3.392569586,44.5223007,0.244478,2331.23999,45479
"AB51",-0.129879136,2.838314685,0.258836549,4.534438685,48.9336014,0.288936,2179.300049,58963
"AB52",-0.167522794,2.714657193,0.318769511,4.709055571,48.4580994,0.282022,2207.879883,61025
"AB53",-0.258920034,2.522034804,0.254097226,3.95063228,47.3036003,0.271252,2177.040039,52069
"AB54",-0.316299661,2.003063231,0.71466916,3.89872144,46.5788002,0.242235,2396.669922,51456
"AB55",-0.172842735,2.322186841,0.046134256,2.638803874,48.3908997,0.260078,2077.870117,36578
"AC18",0.927392501,-0.423817898,1.725461859,-0.458740469,62.2887001,0.106542,2878.679932,0
"AC19",0.156646644,-0.384184545,1.855960415,-0.458740469,52.5528984,0.108758,2940.909912,0
"AC20",0.712163479,-0.331244687,1.638539789,-0.458740469,59.5699997,0.111718,2837.229981,0
"AC21",-0.349541445,-0.010797581,1.721309767,-0.458740469,46.1589012,0.129635,2876.699951,0
"AC22",0.18368998,0.401203287,0.908330707,-0.458740469,52.8945007,0.152671,2489.02002,0
"AC23",-0.143495783,-0.33192432,-0.592413687,-0.458740469,48.7616005,0.11168,1773.369995,0
"AC25",3.022817387,-0.656628077,-0.286476966,-0.458740469,88.7574005,0.093525,1919.26001,0
"AC26",1.805416293,-0.150641077,0.370230875,-0.382186801,73.3796005,0.121816,2232.419922,904
"AC33",-0.268752381,-0.107448591,-0.842422346,-0.458740469,47.1794014,0.124231,1654.150024,0
"AC35",0.238464906,-0.045369454,-0.454260896,-0.458740469,53.5863991,0.127702,1839.25,0
"AC40",-0.266757403,1.15516702,0.420874619,-0.39073981,47.2046013,0.194827,2256.570068,803
"AC41",0.253949994,1.444386764,0.467827047,0.207039334,53.7820015,0.210998,2278.959961,7862
"AC42",-0.253924737,1.744069284,0.874883074,0.497587604,47.3666992,0.227754,2473.070068,11293
"AC43",-0.609673478,1.621735288,0.953647385,0.725470261,42.8730011,0.220914,2510.629883,13984
"AC44",-0.390755291,1.828343815,0.58951815,1.005094391,45.6383018,0.232466,2336.98999,17286
"AC45",-0.657679787,1.534223557,0.725154343,2.179735913,42.2666016,0.216021,2401.669922,31157
"AC46",-0.402677743,1.192993979,0.720436011,3.175018286,45.4877014,0.196942,2399.419922,42910
"AC48",-0.003110448,0.776503955,1.13304898,0.953945701,50.5349007,0.173655,2596.179932,16682
"AC49",-0.382229366,1.045048538,1.131434221,-0.020165857,45.7459984,0.18867,2595.409912,5179
"AC50",-0.372943028,1.671652566,0.660922354,0.075272178,45.8633003,0.223705,2371.040039,6306
"AC51",-0.759922867,1.752314309,0.638819504,0.315179859,40.9751015,0.228215,2360.5,9139
"AC52",-0.41502782,1.398851332,0.428109294,0.843518728,45.3316994,0.208452,2260.02002,15378
"AC53",0.219275247,1.421493852,0.625377683,1.542748419,53.3440018,0.209718,2354.090088,23635
"AC54",0.373126529,2.09218462,0.265358047,0.591162608,55.2873993,0.247218,2182.409912,12398
"AC56",-0.879725139,2.692354489,-0.164450521,2.299223995,39.4617996,0.280775,1977.449951,32568
"AD18",1.688107596,-0.477079687,1.710615187,-0.458740469,71.8977966,0.103564,2871.600098,0
"AD19",0.287247043,-0.045083293,1.643698417,-0.451034292,54.2025986,0.127718,2839.689941,91
"AD20",0.037564933,-0.234700986,2.044819666,-0.458740469,51.0486984,0.117116,3030.969971,0
"AD21",0.963634602,-0.320370554,1.91786498,-0.458740469,62.7464981,0.112326,2970.429932,0
"AD22",1.549836226,0.423935232,1.286363562,-0.458740469,70.1511993,0.153942,2669.290039,0
"AD23",0.872973631,-0.198269064,-0.246297671,-0.458740469,61.6012993,0.119153,1938.420044,0
"AD24",0.920212274,-1.187464617,-1.404050869,-0.458740469,62.1980019,0.0638446,1386.329956,0
"AD25",1.115403933,-1.251886701,-1.432297892,-0.458740469,64.6635971,0.0602426,1372.859985,0
"AD26",0.889155119,-0.310462216,-0.186888712,-0.458740469,61.8056984,0.11288,1966.75,0
"AD27",-0.831101247,-0.448803365,-0.889438002,-0.458740469,40.0760002,0.105145,1631.729981,0
"AD35",-0.648955765,-0.25496479,-0.940018518,-0.458740469,42.3768005,0.115983,1607.609985,0
"AD39",-0.218711535,0.580966297,-0.120223832,-0.458740469,47.8115005,0.162722,1998.540039,0
"AD40",-0.2719034,0.930941683,0.220733044,-0.457808953,47.1395988,0.18229,2161.129883,11
"AD41",0.440639597,1.099007846,0.020885852,-0.078343258,56.1402016,0.191687,2065.830078,4492
"AD42",0.136665157,1.889475042,0.498716357,0.721744198,52.300499,0.235884,2293.689941,13940
"AD43",0.071764944,1.515623066,1.050383956,2.681230188,51.4807014,0.214981,2556.76001,37079
"AD44",-0.227277311,0.92836623,1.421391532,-0.046925768,47.7033005,0.182146,2733.679932,4863
"AD45",0.513266338,0.89236355,1.20841687,0.66339743,57.0575981,0.180133,2632.120117,13251
"AD46",1.026769647,0.268156123,1.468469904,0.308405198,63.5439987,0.145232,2756.129883,9059
"AD48",-0.203844323,1.352403761,1.032391216,-0.458740469,47.9992981,0.205855,2548.179932,0
"AD49",0.206355301,1.771630203,0.818682387,-0.242036003,53.1808014,0.229295,2446.27002,2559
"AD50",-0.082712067,1.913387404,0.71028668,0.278681373,49.5293999,0.237221,2394.580078,8708
"AD51",-0.083020704,1.997304233,0.337705815,0.443390317,49.5255013,0.241913,2216.909912,10653
"AD52",-0.405076485,1.930378237,0.44197042,0.875952417,45.4574013,0.238171,2266.629883,15761
"AD53",0.081882377,2.217720047,0.35012062,0.898054748,51.6085014,0.254237,2222.830078,16022
"AD54",-0.24852567,2.448884798,0.26923777,1.361272189,47.4348984,0.267162,2184.26001,21492
"AD55",-0.592217573,2.445379321,-0.125026128,0.819553365,43.0934982,0.266966,1996.25,15095
"AD56",-0.716698343,2.713083305,0.283623667,2.386447754,41.5210991,0.281934,2191.120117,33598
"AE19",1.167424361,-0.136958985,0.780117594,-0.317065373,65.3207016,0.122581,2427.879883,1673
"AE20",0.384312721,0.101127295,1.470986758,-0.378376054,55.4286995,0.135893,2757.330078,949
"AE21",0.483246537,-0.485592989,2.121152111,-0.458740469,56.6783981,0.103088,3067.370117,0
"AE22",1.556731376,-0.0815331,1.264680017,-0.458740469,70.2382965,0.12568,2658.949951,0
"AE23",2.017431185,-0.131271528,0.004822223,-0.458740469,76.0577011,0.122899,2058.169922,0
"AE24",-0.280706548,-0.723672115,-0.824513826,-0.458740469,47.0284004,0.0897764,1662.689941,0
"AE25",1.420114943,-0.189702107,-1.464110032,-0.458740469,68.5126038,0.119632,1357.689941,0
"AE26",0.911622629,-0.691142718,-1.413298617,-0.458740469,62.0895004,0.0915952,1381.920044,0
"AE27",1.082455088,0.911929835,0.650961429,-0.458740469,64.2473984,0.181227,2366.290039,0
"AE28",-0.564121478,-0.659691792,-1.008738453,-0.458740469,43.4483986,0.0933537,1574.839966,0
"AE33",-0.781551136,-0.656236394,-1.099959551,-0.458740469,40.7019005,0.0935469,1531.339966,0
"AE38",-0.636740374,0.3095601,-0.975793831,-0.458740469,42.5311012,0.147547,1590.550049,0
"AE39",0.529440282,0.656083663,-0.367212881,-0.458740469,57.2619019,0.166922,1880.76001,0
"AE40",0.360048338,0.433163937,-0.417290128,-0.174120027,55.1222,0.154458,1856.880005,3361
"AE41",0.71174401,0.570807568,-0.281506999,-0.193004394,59.5647011,0.162154,1921.630005,3138
"AE42",0.230595824,1.354317465,0.230693968,0.584811364,53.4869995,0.205962,2165.879883,12323
"AE43",0.178987321,1.554093889,0.811489694,1.896470403,52.8350983,0.217132,2442.840088,27812
"AE44",1.858283514,0.19037388,1.621197254,0.285032617,74.0474014,0.140883,2828.959961,8783
"AE45",0.130205184,0.209761314,1.761300401,-0.444259632,52.2188988,0.141967,2895.77002,171
"AE46",-0.477284066,0.72522741,1.409501497,-0.458740469,44.5452995,0.170788,2728.01001,0
"AE47",-0.187868493,0.817711196,1.460081757,-0.393873091,48.2010994,0.175959,2752.129883,766
"AE48",-0.358930763,1.243626661,1.238697957,-0.458740469,46.0402985,0.199773,2646.560059,0
"AE49",0.119288371,1.194746718,1.279841552,-0.435113839,52.0810013,0.19704,2666.179932,279
"AE50",0.097240632,1.714040223,0.910469726,-0.353225125,51.8025017,0.226075,2490.040039,1246
"AE51",0.23212392,2.071294838,0.634646422,0.647222927,53.5063019,0.24605,2358.51001,13060
"AE52",0.210772582,2.122446188,0.728215935,1.155999963,53.236599,0.24891,2403.129883,19068
"AE53",0.735612475,2.198046451,0.668849214,1.577129823,59.8661995,0.253137,2374.820068,24041
"AE55",-0.200685459,2.614947832,-0.00673247,1.616846273,48.0391998,0.276447,2052.659912,24510
"AE56",-0.724559573,2.547020271,0.149140435,1.092487517,41.4217987,0.272649,2126.98999,18318
"AF19",1.477280758,-0.340366081,0.814446331,-0.34738198,69.2347031,0.111208,2444.25,1315
"AF20",1.05935459,0.043233268,1.135985139,-0.377698588,63.9556007,0.132656,2597.580078,957
"AF21",0.076023979,-0.207694505,2.008205487,-0.458740469,51.5345001,0.118626,3013.51001,0
"AF22",1.156981983,-0.278108093,1.181889048,-0.458740469,65.188797,0.114689,2619.469971,0
"AF23",0.830073452,0.3433808,1.497220708,-0.458740469,61.0593987,0.149438,2769.840088,0
"AF24",0.164824664,0.24898331,0.440796469,-0.458740469,52.6562004,0.14416,2266.070068,0
"AF25",1.432781209,0.404368947,0.442704588,-0.423681599,68.6725998,0.152848,2266.979981,414
"AF26",2.127345234,-0.48784651,-1.760127554,-0.391756009,77.4460983,0.102962,1216.530029,791
"AF27",1.001990669,-0.249223677,-0.193850761,-0.458740469,63.230999,0.116304,1963.430054,0
"AF29",-0.767467606,-0.730203749,-1.191138667,-0.458740469,40.8797989,0.0894112,1487.859985,0
"AF30",-1.263783787,-0.833715479,-1.14353578,-0.458740469,34.6105003,0.0836236,1510.560059,0
"AF33",-0.845208638,-0.788623597,-1.138419133,-0.458740469,39.8978004,0.0861448,1513,0
"AF34",-0.842991994,-0.788509133,-1.162136741,-0.458740469,39.9258003,0.0861512,1501.689941,0
"AF38",0.048585026,-0.422190355,-1.148757637,-0.458740469,51.1879005,0.106633,1508.069946,0
"AF40",-0.258342018,-0.187412816,-0.687241627,-0.110268848,47.3109016,0.11976,1728.150024,4115
"AF41",0.479240881,0.827136637,-0.200183853,-0.188939598,56.6278,0.176486,1960.410034,3186
"AF42",0.12718916,1.91453205,0.588867946,1.180050009,52.1808014,0.237285,2336.679932,19352
"AF43",-0.250544208,1.766336218,0.800438269,1.14058761,47.4094009,0.228999,2437.570068,18886
"AF44",1.1056036,0.339553391,1.716927288,-0.077581109,64.5398026,0.149224,2874.610107,4501
"AF45",-0.157603174,1.326452499,1.154753515,-0.405813431,48.5834007,0.204404,2606.530029,625
"AF46",-0.205894568,0.74252229,1.562878539,-0.458740469,47.9734001,0.171755,2801.149902,0
"AF47",0.036274509,0.292766003,1.881838032,-0.448409111,51.0323982,0.146608,2953.25,122
"AF48",-0.398094063,0.717214891,1.667562962,-0.458740469,45.5456009,0.17034,2851.070068,0
"AF49",0.056976558,0.911715214,1.584268724,-0.458655786,51.2938995,0.181215,2811.350098,1
"AF50",0.788440136,1.756302684,0.942533499,-0.240511704,60.5335007,0.228438,2505.330078,2577
"AF51",1.251752198,1.057568099,1.32949975,0.269704947,66.3859024,0.18937,2689.860107,8602
"AF52",1.296765742,1.097469729,1.171739206,0.328644497,66.9544983,0.191601,2614.629883,9298
"AF53",1.672615265,0.574688632,1.318259408,0.464899865,71.7021027,0.162371,2684.5,10907
"AF54",0.428020435,2.678690283,0.412884787,1.09697573,55.9808006,0.280011,2252.76001,18371
"AF55",-0.148768312,2.754827098,0.27582224,1.353904746,48.6949997,0.284268,2187.399902,21405
"AG19",1.057636542,0.159146517,1.405936637,-0.311137544,63.9338989,0.139137,2726.310059,1743
"AG20",2.216707935,-0.306044599,0.462102177,-0.207908648,78.5748978,0.113127,2276.229981,2962
"AG21",3.262302938,-1.113702941,2.412514273,-0.404712548,91.7825012,0.0679688,3206.310059,638
"AG22",0.705988592,-0.242820816,1.927846895,-0.458740469,59.4920006,0.116662,2975.189941,0
"AG23",-0.222654072,-0.087900191,1.69320968,-0.458740469,47.7616997,0.125324,2863.300049,0
"AG24",-0.607947878,-0.068852573,1.241025381,-0.458740469,42.8947983,0.126389,2647.669922,0
"AG25",0.560774059,-0.211969041,1.444123594,-0.458740469,57.6576996,0.118387,2744.52002,0
"AG26",2.635932373,-0.032975089,0.914286476,-0.454506306,83.8703995,0.128395,2491.860107,50
"AG27",0.595987261,-0.451182081,-1.124180172,-0.443328116,58.1025009,0.105012,1519.790039,182
"AG28",-0.921627833,-0.335680188,-1.311445655,-0.458740469,38.9324989,0.11147,1430.48999,0
"AG29",-1.384725783,-0.359431584,-1.194032588,-0.458740469,33.0828018,0.110142,1486.479981,0
"AG30",-0.994642639,-0.654962975,-0.915126702,-0.458740469,38.0102005,0.0936181,1619.479981,0
"AG34",0.010118135,-0.422458631,-0.768040514,-0.458740469,50.7019997,0.106618,1689.619995,0
"AG35",-0.247353932,-0.057620739,-0.552213401,-0.458740469,47.4496994,0.127017,1792.540039,0
"AG36",-0.243514366,-0.170922766,-0.763427136,-0.458740469,47.4981995,0.120682,1691.819946,0
"AG40",-0.169327822,0.610673427,-0.069412673,-0.458740469,48.4352989,0.164383,2022.77002,0
"AG41",0.085666376,0.838833484,0.312310986,0.192389129,51.6562996,0.17714,2204.800049,7689
"AG42",0.024082979,1.317706692,0.771373115,1.334258229,50.8783989,0.203915,2423.709961,21173
"AG43",-0.347412082,1.039468391,1.362444116,0.59717512,46.1857986,0.188358,2705.570068,12469
"AG44",-0.389773805,1.473968698,0.999341897,-0.272183244,45.6506996,0.212652,2532.419922,2203
"AG45",-0.008644201,1.235882418,0.91606865,-0.446800129,50.4650002,0.19934,2492.709961,141
"AG46",-0.403873342,0.950722589,1.590685267,-0.458740469,45.472599,0.183396,2814.409912,0
"AG47",-0.139973017,0.632010336,1.766941307,-0.458740469,48.8060989,0.165576,2898.459961,0
"AG48",-0.0936923,1.131719671,1.386685471,-0.458740469,49.3907013,0.193516,2717.129883,0
"AG49",-0.525282521,1.307172376,1.484009274,-0.458740469,43.9389992,0.203326,2763.540039,0
"AG50",1.326286947,0.737782741,1.591461416,-0.458740469,67.3274002,0.17149,2814.780029,0
"AG51",1.378101416,0.456164159,1.636757103,-0.447816329,67.9819031,0.155744,2836.379883,129
"AG52",0.474855006,0.985687934,1.370832263,-0.438331803,56.5723991,0.185351,2709.570068,241
"AG53",1.235451724,1.580921519,1.126485501,0.235577593,66.1800003,0.218632,2593.050049,8199
"AG54",0.038047823,2.563903793,0.350371998,0.874004702,51.0547981,0.273593,2222.949951,15738
"AG55",-0.758418931,2.830606213,0.3386289,0.622326048,40.9940987,0.288505,2217.350098,12766
"AG56",-0.064780825,2.853409699,0.118880338,0.832509904,49.7559013,0.28978,2112.560059,15248
"AH19",0.635491214,0.72730208,1.216763035,-0.279804738,58.6015015,0.170904,2636.100098,2113
"AH20",2.718938073,0.126148532,0.460068113,-0.251689895,84.9188995,0.137292,2275.26001,2445
"AH21",1.207609007,0.203036521,1.458991769,-0.326549898,65.8283005,0.141591,2751.610107,1561
"AH22",1.128466418,-0.410779669,2.367616388,-0.458740469,64.828598,0.107271,3184.899902,0
"AH23",-0.026512031,0.21621783,2.002920913,-0.458740469,50.2392998,0.142328,3010.98999,0
"AH24",-0.181875711,-0.177415052,1.505881224,-0.458740469,48.2767982,0.120319,2773.969971,0
"AH25",-0.524055517,-0.835707878,0.420161443,-0.458740469,43.9544983,0.0835122,2256.229981,0
"AH26",2.448649048,-0.794098222,0.201608335,-0.458740469,81.5046997,0.0858387,2152.01001,0
"AH27",2.139615891,0.265312395,0.492572183,-0.458740469,77.6010971,0.145073,2290.76001,0
"AH28",0.622483987,0.48292025,-0.088474665,-0.374395941,58.4371986,0.15724,2013.680054,996
"AH29",0.912905199,-0.086397844,-0.825038085,-0.452727958,62.1057014,0.125408,1662.439941,71
"AH35",-0.811365279,-0.005539365,-0.308600806,-0.458740469,40.3252983,0.129929,1908.709961,0
"AH36",-0.407506941,0.174187876,-0.056746489,-0.458740469,45.4267006,0.139978,2028.810059,0
"AH37",0.127679903,-0.084180093,-0.646475356,-0.458740469,52.1870003,0.125532,1747.589966,0
"AH38",0.046977811,-0.006308424,-1.063366106,-0.458740469,51.1675987,0.129886,1548.790039,0
"AH41",-0.921738666,0.427279744,0.435448922,-0.458740469,38.9310989,0.154129,2263.52002,0
"AH42",-0.554835139,0.487516717,0.749270266,-0.44603798,43.5657005,0.157497,2413.169922,150
"AH43",-0.4907026,0.688867028,0.841225532,-0.436553455,44.3758011,0.168755,2457.02002,262
"AH44",0.021185641,1.004950173,0.770513514,-0.458740469,50.8418007,0.186428,2423.300049,0
"AH45",0.537135104,1.157974979,0.987325917,-0.458740469,57.3591003,0.194984,2526.689941,0
"AH46",0.201280578,0.998261151,1.040884318,-0.458740469,53.1166992,0.186054,2552.229981,0
"AH47",-0.095323376,0.897067328,1.113819317,-0.458740469,49.3700981,0.180396,2587.01001,0
"AH48",-0.450391422,0.934858517,1.135922166,-0.458740469,44.8849983,0.182509,2597.550049,0
"AH49",-0.609143176,1.349864079,1.306222438,-0.458740469,42.8796997,0.205713,2678.76001,0
"AH50",0.600428403,1.423389672,1.151670933,-0.417584404,58.1585999,0.209824,2605.060059,486
"AH51",1.365870017,1.193405336,1.444773799,-0.339929853,67.8274002,0.196965,2744.830078,1403
"AH52",0.781497273,1.658900499,1.042352141,-0.335611007,60.4458008,0.222992,2552.929932,1454
"AH53",1.227084052,1.403072213,1.30385252,-0.208332065,66.0743027,0.208688,2677.629883,2957
"AH54",0.067727273,1.915211683,0.822792497,0.436192239,51.4296989,0.237323,2448.229981,10568
"AH55",0.045457877,1.140769525,1.210786275,1.583311701,51.1483994,0.194022,2633.25,24114
"AH56",0.152640987,3.064256991,0.278905334,2.181429578,52.5023003,0.301569,2188.870117,31177
"AH57",0.064244065,3.559012156,0.511592449,3.916589608,51.3857002,0.329232,2299.830078,51667
"AH58",-0.45711262,4.086049904,-0.265506599,1.838293002,44.8000984,0.3587,1929.26001,27125
"AI20",2.957425837,-0.288159512,-0.226984044,-0.416398838,87.9313965,0.114127,1947.630005,500
"AI21",1.862653382,0.514076072,1.481618366,-0.24898003,74.1026001,0.158982,2762.399902,2477
"AI22",1.034520044,-0.2118975,1.569127668,-0.455268456,63.6418991,0.118391,2804.129883,41
"AI23",0.066056946,-0.049232633,1.592467953,-0.458740469,51.4085999,0.127486,2815.26001,0
"AI24",0.473073846,0.198618905,1.687652225,-0.458740469,56.5499001,0.141344,2860.649902,0
"AI25",0.214525168,-0.090600839,1.300015291,-0.458740469,53.2840004,0.125173,2675.800049,0
"AI26",0.155736431,-0.70628781,0.185335309,-0.458740469,52.5414009,0.0907484,2144.25,0
"AI27",0.223391736,-0.549609081,-0.672541379,-0.458740469,53.3959999,0.0995087,1735.160034,0
"AI28",2.756304508,-0.0322418,1.084964071,-0.355088157,85.3908997,0.128436,2573.25,1224
"AI29",1.744307632,0.054465102,1.109038012,-0.409962911,72.6076965,0.133284,2584.729981,576
"AI31",0.107239078,-0.59820644,-0.736144667,-0.458740469,51.9287987,0.0967915,1704.829956,0
"AI34",-1.391225315,-0.369286267,-0.877778355,-0.458740469,33.0007019,0.109591,1637.290039,0
"AI35",-0.712613259,0.266045683,0.060079346,-0.458740469,41.5727005,0.145114,2084.52002,0
"AI36",0.016886745,0.857237238,0.915942705,-0.456369338,50.7874985,0.178169,2492.649902,28
"AI37",0.884326222,0.129886515,0.11976093,-0.192835028,61.7447014,0.137501,2112.979981,3140
"AI38",0.132793885,-0.036909808,-0.880106035,-0.458740469,52.2515984,0.128175,1636.180054,0
"AI40",-0.621730624,0.365522538,-0.07943657,-0.458740469,42.7206993,0.150676,2017.98999,0
"AI41",-0.84947582,0.264865267,0.173151403,-0.458740469,39.8438988,0.145048,2138.439941,0
"AI42",-0.812806095,0.29918675,0.64632706,-0.458740469,40.3070984,0.146967,2364.080078,0
"AI43",-0.615191524,0.571487201,0.915460427,-0.458740469,42.803299,0.162192,2492.419922,0
"AI44",0.413810065,0.697827457,0.758602489,-0.458740469,55.8013,0.169256,2417.620117,0
"AI45",-0.448902885,0.979231418,1.320712778,-0.458740469,44.903801,0.18499,2685.669922,0
"AI46",-0.310243459,0.877501042,1.486106311,-0.458740469,46.6553001,0.179302,2764.540039,0
"AI47",-0.411607732,0.88209751,1.323837342,-0.458740469,45.3749008,0.179559,2687.159912,0
"AI48",-0.867739267,1.042902328,1.09804956,-0.458740469,39.6132011,0.18855,2579.48999,0
"AI49",-1.145335358,1.378337137,0.71359965,-0.458740469,36.1067009,0.207305,2396.159912,0
"AI50",-0.556165122,1.264516443,0.555672203,-0.458740469,43.5489006,0.200941,2320.850098,0
"AI51",-0.027794602,1.394415831,0.635841876,-0.417076305,50.2230988,0.208204,2359.080078,492
"AI52",-0.000775126,1.406792311,0.649283697,-0.371686076,50.5643997,0.208896,2365.48999,1028
"AI53",1.175412122,0.558288007,1.70849716,-0.420124902,65.4216003,0.161454,2870.590088,456
"AI54",1.735734002,-0.04553042,1.888674393,-0.209009531,72.4993973,0.127693,2956.51001,2949
"AI55",1.282349714,-0.176270407,1.781809482,-0.041929456,66.7723999,0.120383,2905.550049,4922
"AI56",0.296873733,2.598368356,0.639889014,1.826776078,54.3241997,0.27552,2361.01001,26989
"AI57",0.191187005,2.89366903,0.598661456,1.407847983,52.9892006,0.292031,2341.350098,22042
"AI58",-0.115898585,3.702343245,0.223102962,3.425003275,49.110199,0.337246,2162.26001,45862
"AJ18",0.072643451,-0.984146947,-1.16551294,-0.451627075,51.4917984,0.0752126,1500.079956,84
"AJ19",1.269786127,-0.84397973,-0.892163996,-0.458740469,66.6137009,0.0830497,1630.430054,0
"AJ20",1.945287032,-0.958344132,-1.093395816,-0.409200761,75.1464005,0.0766553,1534.469971,585
"AJ21",2.316195915,0.151777861,0.780977707,-0.194020593,79.8315964,0.138725,2428.290039,3126
"AJ22",1.298681594,-0.215456633,0.76273359,-0.404204449,66.9786987,0.118192,2419.590088,644
"AJ23",1.062244083,-0.118358495,0.816103072,-0.458740469,63.9920998,0.123621,2445.040039,0
"AJ24",0.786104806,0.348263429,1.211813803,-0.458740469,60.5040016,0.149711,2633.73999,0
"AJ25",0.634651965,0.194702071,1.946321912,-0.458740469,58.5909004,0.141125,2984,0
"AJ26",0.008954543,0.357349053,1.603749765,-0.458740469,50.6873016,0.150219,2820.639893,0
"AJ27",-0.096297009,-0.481497304,0.07113077,-0.458740469,49.3577995,0.103317,2089.790039,0
"AJ28",0.765505736,-0.0024989,0.749815516,-0.458740469,60.2438011,0.130099,2413.429932,0
"AJ29",0.926671938,-0.187609552,1.691804317,-0.458740469,62.2795982,0.119749,2862.629883,0
"AJ30",-0.712565847,-0.841813846,-0.3521563,-0.458740469,41.5732994,0.0831708,1887.939941,0
"AJ36",0.506846233,-0.256127321,0.06865641,-0.454167573,56.9765015,0.115918,2088.610107,54
"AJ38",1.318449578,0.292068485,0.835773031,-0.309274513,67.2284012,0.146569,2454.419922,1765
"AJ39",-0.83846358,-0.227081939,-0.38931573,-0.458740469,39.9830017,0.117542,1870.219971,0
"AJ40",-0.643303326,-0.372827514,-0.479404346,-0.458740469,42.4482002,0.109393,1827.26001,0
"AJ42",-0.94099959,0.00780291,0.297484793,-0.458740469,38.6878014,0.130675,2197.729981,0
"AJ43",-0.444240087,0.068594321,0.504462217,-0.458740469,44.9626999,0.134074,2296.429932,0
"AJ44",0.204874918,0.656512906,0.878636851,-0.458740469,53.1621017,0.166946,2474.860107,0
"AJ45",-0.688412297,0.649931193,1.290892977,-0.458740469,41.8783989,0.166578,2671.449951,0
"AJ46",-0.3913176,0.645459922,0.928231566,-0.458740469,45.6311989,0.166328,2498.51001,0
"AJ47",-0.27675615,0.86465955,1.041261641,-0.458740469,47.0783005,0.178584,2552.409912,0
"AJ49",-1.35917913,0.620188294,0.545669296,-0.458740469,33.4054985,0.164915,2316.080078,0
"AJ50",-1.156347297,0.602571483,0.112022987,-0.458740469,35.9676018,0.16393,2109.290039,0
"AJ51",-0.08412903,0.900984162,0.250951671,-0.458740469,49.5115013,0.180615,2175.540039,0
"AJ52",-0.368921364,1.251227823,0.701311302,-0.458740469,45.9141006,0.200198,2390.300049,0
"AJ53",0.309738113,1.153915064,1.506950733,-0.322400418,54.4866982,0.194757,2774.479981,1610
"AJ54",1.564418954,1.471500556,1.180610142,0.248788181,70.3354034,0.212514,2618.860107,8355
"AJ55",0.954126899,1.00627367,1.49266979,-0.069705565,62.6264,0.186502,2767.669922,4594
"AJ56",2.273969178,0.777523405,1.473712496,0.078574826,79.2982025,0.173712,2758.629883,6345
"AJ57",2.002492708,1.98653741,0.993596037,0.973930951,75.8690033,0.241311,2529.679932,16918
"AJ58",1.164376631,1.316544161,1.198749305,1.074449982,65.2822037,0.20385,2627.51001,18105
"AJ59",-0.175344465,3.653445416,0.452896411,3.409929654,48.3592987,0.334512,2271.840088,45684
"AJ60",-0.081207831,3.921507102,-0.017364334,3.019201085,49.5484009,0.3495,2047.589966,41070
"AK19",0.725985785,-0.557383729,-1.65248675,-0.314101458,59.7445984,0.099074,1267.859985,1708
"AK20",0.507883278,-0.068530642,-1.733013012,-0.0285495,56.9896011,0.126407,1229.459961,5080
"AK21",0.297063684,-1.29922495,-1.094129727,-0.367790646,54.3265991,0.0575958,1534.119995,1074
"AK22",0.445650592,-1.118258273,-0.800376913,-0.458740469,56.2034988,0.0677141,1674.199951,0
"AK23",0.794765416,-0.320996532,0.204606954,-0.458740469,60.6133995,0.112291,2153.439941,0
"AK24",0.966334436,-0.437482104,0.189424429,-0.458740469,62.7806015,0.105778,2146.199951,0
"AK27",0.070347688,0.333704968,1.514038984,-0.458740469,51.4627991,0.148897,2777.860107,0
"AK28",-0.029567915,-0.094946916,0.799095879,-0.458740469,50.2006989,0.12493,2436.929932,0
"AK29",-0.559656484,-0.272903533,1.075862747,-0.458740469,43.5047989,0.11498,2568.909912,0
"AK30",-0.299397611,-0.960531478,-0.233317136,-0.458740469,46.7923012,0.076533,1944.609985,0
"AK31",-0.844543642,-1.009713679,-0.36759046,-0.458740469,39.9062004,0.0737831,1880.579956,0
"AK32",0.2182696,-0.255125756,0.214693824,-0.458740469,53.3312988,0.115974,2158.25,0
"AK33",0.424964551,-0.5146026,-0.529062289,-0.458740469,55.9421997,0.101466,1803.579956,0
"AK36",-0.75858503,-1.067360892,-0.956270552,-0.458740469,40.9920006,0.0705599,1599.859985,0
"AK37",0.20643442,0.030463315,0.301280553,-0.458740469,53.1818008,0.131942,2199.540039,0
"AK38",-0.121329359,0.748281288,1.019641581,-0.458740469,49.0415993,0.172077,2542.100098,0
"AK42",-0.650388727,-0.414535538,-0.352869221,-0.458740469,42.3586998,0.107061,1887.599976,0
"AK43",0.034493342,-0.285262128,-0.30310658,-0.458740469,51.0098991,0.114289,1911.329956,0
"AK44",-0.714687357,0.067592756,0.403888417,-0.458740469,41.5465012,0.134018,2248.469971,0
"AK45",-0.563210964,0.30326455,0.772715505,-0.458740469,43.4598999,0.147195,2424.350098,0
"AK46",-0.29464784,0.233780986,0.496703284,-0.458740469,46.8522987,0.14331,2292.729981,0
"AK47",-0.710705252,0.514630509,0.703890616,-0.458740469,41.5968018,0.159013,2391.530029,0
"AK48",-0.504081876,0.373696023,0.672917342,-0.458740469,44.2067986,0.151133,2376.76001,0
"AK49",-0.808713158,0.299669647,0.534114603,-0.458740469,40.358799,0.146994,2310.570068,0
"AK50",-0.312697768,0.438726199,0.373816726,-0.458740469,46.6242981,0.154769,2234.129883,0
"AK51",-1.123461872,0.817460805,0.37851458,-0.458740469,36.3829994,0.175945,2236.370117,0
"AK52",-0.397595467,1.149855149,0.290418046,-0.458740469,45.551899,0.19453,2194.360107,0
"AK53",0.031754249,1.05967854,0.243066792,-0.458740469,50.9752998,0.189488,2171.780029,0
"AK54",1.33987188,1.351330656,0.905856347,-0.001874273,67.4990005,0.205795,2487.840088,5395
"AK55",1.340077847,1.43442477,1.384316066,-0.23365236,67.5016022,0.210441,2716,2658
"AK56",2.894441785,0.859437104,1.70740666,-0.329090396,87.1358032,0.178292,2870.070068,1531
"AK57",2.312222265,1.311482682,1.553358423,-0.151763646,79.7814026,0.203567,2796.610107,3625
"AK58",1.372013199,1.857907864,1.310437502,0.470065544,67.9049988,0.234119,2680.77002,10968
"AK59",0.173968464,3.2734052,0.371342366,1.973532171,52.7717018,0.313263,2232.949951,28722
"AK60",0.615010822,3.326184092,0.222033452,2.162714577,58.3428001,0.316214,2161.75,30956
"AL21",-0.866219324,-1.266144693,-1.652402787,-0.458740469,39.6324005,0.0594454,1267.900024,0
"AL22",-0.24075142,-1.445229859,-1.221419755,-0.458740469,47.5331001,0.0494323,1473.420044,0
"AL23",0.885790598,-1.174608817,-0.606547694,-0.458740469,61.7631989,0.0645634,1766.630005,0
"AL24",0.596549278,-0.989920253,-0.642490935,-0.458740469,58.1096001,0.0748898,1749.48999,0
"AL27",0.112567173,0.136647078,1.50548291,-0.458740469,51.9961014,0.137879,2773.780029,0
"AL28",0.073625237,-0.408096906,0.865970668,-0.458740469,51.5042,0.107421,2468.820068,0
"AL29",-0.312167165,-0.476435824,0.515597605,-0.458740469,46.6310005,0.1036,2301.73999,0
"AL30",-0.38261713,-0.719331404,-0.031519332,-0.458740469,45.7411003,0.0900191,2040.839966,0
"AL31",-0.569797469,-1.153951541,-0.909464549,-0.458740469,43.3767014,0.0657184,1622.180054,0
"AL37",-0.464664904,-0.94503405,-0.886984377,-0.458740469,44.7047005,0.0773995,1632.900024,0
"AL38",-0.325839078,0.104328725,0.341292178,-0.400647752,46.4583015,0.136072,2218.620117,686
"AL39",-1.64335373,-0.332353562,0.03533421,-0.458740469,29.8159008,0.111656,2072.719971,0
"AL47",-0.506607157,0.486372072,0.700703079,-0.458740469,44.1749001,0.157433,2390.01001,0
"AL48",-0.953017177,0.298596542,0.796726473,-0.458740469,38.5359993,0.146934,2435.800049,0
"AL49",-0.828599518,0.26135979,0.626992442,-0.458740469,40.1076012,0.144852,2354.860107,0
"AL50",0.431709609,0.207060666,0.151132517,-0.458740469,56.027401,0.141816,2127.939941,0
"AL51",-0.186245571,0.669175547,0.383694199,-0.458740469,48.2215996,0.167654,2238.840088,0
"AL52",0.328651141,0.724261616,0.157318673,-0.458740469,54.7256012,0.170734,2130.889893,0
"AL54",-0.262759592,0.931585546,0.411920231,-0.445106464,47.2551003,0.182326,2252.300049,161
"AL55",1.242046081,1.240765047,1.540042035,-0.311560961,66.263298,0.199613,2790.26001,1738
"AL56",1.534248461,1.74317503,1.378171891,-0.077835159,69.9542999,0.227704,2713.070068,4498
"AL57",1.657288415,1.76476233,1.361940847,-0.107050884,71.5084991,0.228911,2705.330078,4153
"AL58",0.710255472,1.85508202,1.262729916,-0.269558063,59.5458984,0.233961,2658.02002,2234
"AL59",1.089730749,2.659284963,0.81060859,1.397770675,64.3393021,0.278926,2442.419922,21923
"AL60",0.107429029,2.99538152,0.384889141,3.504436174,51.9311981,0.297718,2239.409912,46800
"AL61",0.349590562,3.124458194,0.590398742,4.229155527,54.9901009,0.304935,2337.409912,55358
"AL62",-0.117006911,4.477679657,0.269195788,3.854347411,49.096199,0.380597,2184.23999,50932
"AL66",-1.101873162,2.015314516,-0.522854886,-0.458740469,36.6557007,0.24292,1806.540039,0
"AL67",-1.054840486,2.229506319,-0.320050545,-0.348567546,37.2498016,0.254896,1903.25,1301
"AL68",-1.312304692,1.680416259,-0.484017725,-0.458740469,33.9976006,0.224195,1825.060059,0
"AM26",0.072144854,-0.683657809,-0.07438264,-0.441973183,51.4855003,0.0920137,2020.400024,198
"AM27",0.866173307,0.438851395,0.784794457,-0.455776555,61.5153999,0.154776,2430.110107,35
"AM29",-0.49583259,-0.246326293,0.830279061,-0.458740469,44.3110008,0.116466,2451.800049,0
"AM38",0.614203288,0.484977035,0.32308953,-0.248302564,58.3325996,0.157355,2209.939941,2485
"AM39",-0.24743305,0.099553407,0.98109778,-0.443582165,47.4487,0.135805,2523.719971,179
"AM40",-0.108140343,-0.367068516,0.700094857,-0.424782481,49.2081985,0.109715,2389.719971,401
"AM41",-1.346646948,-0.222986254,0.237404895,-0.458740469,33.5638008,0.117771,2169.080078,0
"AM48",-0.38589468,0.194755726,0.607951185,-0.458740469,45.6996994,0.141128,2345.780029,0
"AM49",-0.692069756,0.40283083,0.583101095,-0.458740469,41.8321991,0.152762,2333.929932,0
"AM50",-0.000276229,0.666671635,-0.078010472,-0.458740469,50.5707016,0.167514,2018.670044,0
"AM51",-0.16036612,-0.026464917,-0.113555399,-0.458740469,48.5485001,0.128759,2001.719971,0
"AM52",-0.50869727,0.561417897,0.648969347,-0.458740469,44.1484985,0.161629,2365.340088,0
"AM53",-0.343501242,1.001838168,0.742329463,-0.458740469,46.235199,0.186254,2409.860107,0
"AM55",0.229171015,1.491853785,0.819940814,-0.318250938,53.4690018,0.213652,2446.870117,1659
"AM56",0.607901568,1.578560688,0.63980505,-0.222812902,58.2529984,0.2185,2360.969971,2786
"AM57",0.590596047,1.417004696,1.350952395,-0.15472756,58.0344009,0.209467,2700.090088,3590
"AM58",0.273195219,1.592743562,1.306432346,-0.441973183,54.0251007,0.219293,2678.860107,198
"AM59",1.188451054,1.854885284,1.283134043,0.375728391,65.5863037,0.23395,2667.75,9854
"AM60",0.964062226,1.547029279,1.263191203,0.650102158,62.7518997,0.216737,2658.23999,13094
"AM61",-0.36937254,1.927767014,0.617408841,0.041906973,45.9084015,0.238025,2350.290039,5912
"AM62",-0.512512975,2.044377782,0.110953478,-0.26896528,44.1002998,0.244545,2108.780029,2241
"AM63",-0.368494041,1.770574983,-0.10978063,-0.400986485,45.9194984,0.229236,2003.52002,682
"AM67",-1.149562981,0.648643467,-0.428907794,-0.458740469,36.053299,0.166506,1851.339966,0
"AN27",0.958085142,-0.773362252,-0.30201608,-0.458740469,62.6763992,0.0869981,1911.849976,0
"AN28",0.984605729,0.414509791,0.700891997,-0.458740469,63.0113983,0.153415,2390.100098,0
"AN29",-0.197930359,-0.145114585,0.861965,-0.458740469,48.0740013,0.122125,2466.909912,0
"AN30",-0.656389363,-0.386366525,1.136802758,-0.458740469,42.2829018,0.108636,2597.969971,0
"AN31",0.662771613,-0.209250507,0.507838672,-0.458740469,58.9460983,0.118539,2298.040039,0
"AN35",0.135335166,-0.816467101,-1.104069661,-0.450780243,52.283699,0.084588,1529.380005,94
"AN36",1.815011277,-0.797498177,-1.428250499,0.481497784,73.5008011,0.0856486,1374.790039,11103
"AN38",0.382135636,-0.075577366,-0.640330926,-0.344079333,55.4011993,0.126013,1750.52002,1354
"AN39",-0.187504289,-0.15634642,0.261793187,-0.437400287,48.2056999,0.121497,2180.709961,252
"AN40",0.075240306,-0.596941964,0.147651621,-0.458740469,51.524601,0.0968622,2126.280029,0
"AN41",0.031904649,-0.065239786,0.430940498,-0.458740469,50.9771996,0.126591,2261.370117,0
"AN42",-0.358922609,0.571773363,0.926281465,-0.458740469,46.0404015,0.162208,2497.580078,0
"AN56",-0.201857198,0.701654865,0.167321579,-0.423850966,48.0243988,0.16947,2135.659912,412
"AN57",-0.118962323,1.306957754,0.678096962,-0.447477595,49.0714989,0.203314,2379.229981,133
"AN58",-0.185889221,1.374241452,1.060302898,-0.322654468,48.2261009,0.207076,2561.48999,1607
"AN59",-0.510145939,1.526193153,1.036501327,-0.425036531,44.1301994,0.215572,2550.139893,398
"AN60",-0.433006482,1.55944153,0.744321546,-0.391332593,45.104599,0.217431,2410.810059,796
"AN61",-0.69390649,1.86330916,0.546528897,-0.43020221,41.8089981,0.234421,2316.48999,337
"AN62",-1.156481991,1.697729023,0.116447448,-0.458740469,35.9659004,0.225163,2111.399902,0
"AO17",0.283629143,-0.812099563,-0.376565583,-0.428423862,54.1568985,0.0848322,1876.300049,358
"AO18",0.398602209,-1.370257362,-1.212172007,0.213136528,55.6091995,0.0536242,1477.829956,7934
"AO26",-0.384857627,-1.403239251,-1.019957548,0.895683617,45.7127991,0.0517801,1569.48999,15994
"AO27",-0.543015658,-1.255613953,-0.711189879,0.297735107,43.7150002,0.0600342,1716.729981,8933
"AO28",0.858929661,-0.818153664,-0.361215387,-0.458740469,61.4239006,0.0844937,1883.619995,0
"AO29",0.526447509,-0.171656054,0.426892849,-0.458740469,57.2240982,0.120641,2259.439941,0
"AO30",-0.269314699,-0.137817469,1.640930697,-0.458740469,47.1722984,0.122533,2838.370117,0
"AO31",-0.83295368,-0.122829766,1.388132816,-0.458740469,40.0526009,0.123371,2717.820068,0
"AO32",-0.349208947,-0.228065619,0.821722988,-0.458740469,46.1631012,0.117487,2447.719971,0
"AO34",0.748033824,0.191697376,0.622756387,-0.458740469,60.0231018,0.140957,2352.840088,0
"AO35",0.92886503,0.446023315,0.629214912,-0.458740469,62.3073006,0.155177,2355.919922,0
"AO36",1.812232316,0.382495486,1.18660738,-0.286918131,73.4656982,0.151625,2621.719971,2029
"AO37",1.248680307,0.126416808,0.536525991,-0.331630894,66.3470993,0.137307,2311.719971,1501
"AO38",1.237604948,-0.129053777,0.022919916,-0.374819357,66.2071991,0.123023,2066.800049,991
"AO39",-0.102004706,-0.495376131,-0.52635703,-0.458740469,49.2857018,0.102541,1804.869995,0
"AO40",-0.904820909,-0.739239295,-0.714650041,-0.458740469,39.1447983,0.088906,1715.079956,0
"AO41",-1.033663694,-0.822839557,-1.315555765,-0.074701878,37.5172997,0.0842317,1428.530029,4535
"AO42",-0.020701347,-0.119664106,0.023926453,-0.458740469,50.3126984,0.123548,2067.280029,0
"AO43",0.365867176,0.669694215,1.054536047,-0.458740469,55.1957016,0.167683,2558.73999,0
"AO44",-0.245762724,-0.299337691,-0.20173564,-0.458740469,47.469799,0.113502,1959.670044,0
"AO57",-0.582574876,0.408500402,0.210415787,-0.457554904,43.2153015,0.153079,2156.209961,14
"AO58",-0.416048865,1.122741357,0.998545269,-0.457300854,45.3188019,0.193014,2532.040039,17
"AO59",-0.347419927,1.134617055,0.45509789,-0.456792754,46.1856995,0.193678,2272.889893,23
"AO60",-0.885931733,1.095824301,0.544033546,-0.458740469,39.3834,0.191509,2315.300049,0
"AO61",-0.572924626,1.413123632,0.551645544,-0.3240094,43.3372002,0.20925,2318.929932,1591
"AO62",-1.006042643,1.445030627,0.192255633,-0.458740469,37.8661995,0.211034,2147.550049,0
"AP17",2.117805825,-0.175841165,1.50468577,-0.456454021,77.3255997,0.120407,2773.399902,27
"AP18",0.606041274,-0.556661171,-0.303001626,-0.235261342,58.2294998,0.0991144,1911.380005,2639
"AP19",-0.059650836,-1.228671858,-1.526182268,2.302865375,49.8207016,0.0615406,1328.089966,32611
"AP21",-1.547713162,-1.358417434,-1.252749617,3.444649791,31.0240002,0.0542862,1458.479981,46094
"AP22",-0.728050633,-1.335624679,-1.192375847,1.090370435,41.3777008,0.0555606,1487.27002,18293
"AP23",-1.041944393,-1.284618199,-1.109941466,2.388903569,37.4127007,0.0584125,1526.579956,33627
"AP30",1.127516345,-0.522060681,1.025764765,-0.437908387,64.816597,0.101049,2545.02002,246
"AP31",-0.480870252,-0.680061118,0.078155536,-0.458740469,44.5,0.0922148,2093.139893,0
"AP32",-0.100334379,-0.465669002,0.2593818,-0.458740469,49.3068008,0.104202,2179.560059,0
"AP33",-0.822978793,-0.798995159,0.161743646,-0.458740469,40.1786003,0.0855649,2133,0
"AP35",-0.849451967,-0.967660473,0.187579282,-0.458740469,39.8442001,0.0761344,2145.320068,0
"AP38",-0.74492097,-0.413766479,0.956520571,-0.458740469,41.1646004,0.107104,2512,0
"AP39",0.133340187,0.06317514,1.09532331,-0.458740469,52.2584991,0.133771,2578.189941,0
"AP40",2.431208842,-0.282382629,1.240165781,-0.457385537,81.2844009,0.11445,2647.26001,16
"AP41",0.812403727,-0.640887412,-0.69646864,-0.45797832,60.8362007,0.0944051,1723.75,9
"AP43",0.24450541,-0.55322008,-0.689611289,-0.312153743,53.6627007,0.0993068,1727.02002,1731
"AP44",-0.348987282,-0.311553206,-0.417667708,-0.458740469,46.1659012,0.112819,1856.699951,0
"AP57",-1.302250679,0.033002998,-0.094430434,-0.458740469,34.1245995,0.132084,2010.839966,0
"AP58",-0.283350816,0.232833076,-0.101098867,-0.458740469,46.9949989,0.143257,2007.660034,0
"AP59",-0.093075026,0.476070261,0.060163309,-0.458740469,49.3984985,0.156857,2084.560059,0
"AP60",-0.398806772,0.941458114,0.32308953,-0.458740469,45.5365982,0.182878,2209.939941,0
"AP61",-0.80333765,0.576173094,-0.159060994,-0.458740469,40.4267006,0.162454,1980.02002,0
"AP62",-1.26797185,1.081623542,-0.066833359,-0.458740469,34.5575981,0.190715,2024,0
"AQ20",-0.424899735,-1.187096184,-0.87612187,-0.458740469,45.2070007,0.0638652,1638.079956,0
"AQ21",-0.776920043,-1.170461265,-0.785613692,-0.378545421,40.7603989,0.0647953,1681.23999,947
"AQ22",0.630915387,-0.898547131,-0.307237681,0.250143114,58.5437012,0.0799987,1909.359985,8371
"AQ23",-0.383345538,-1.197136872,-0.733921686,-0.458740469,45.7318993,0.0633038,1705.890015,0
"AQ24",-0.735159895,-1.245444493,-0.772045926,0.857237416,41.287899,0.0606028,1687.709961,15540
"AQ29",-0.656500195,-1.079513808,-0.189468026,-0.458740469,42.2815018,0.0698804,1965.52002,0
"AQ31",-1.134537231,-0.976050368,-1.203091674,-0.144904302,36.2430992,0.0756653,1482.160034,3706
"AQ32",-0.589177387,-0.95229003,-1.104468231,-0.347297297,43.1319008,0.0769938,1529.189941,1316
"AQ33",-0.64732499,-1.106405825,-1.095450871,0.160717589,42.3973999,0.0683768,1533.48999,7315
"AQ34",0.379729041,-0.983445851,-0.356161456,-0.454929723,55.3708,0.0752518,1886.030029,45
"AQ35",0.623172843,-0.903748115,0.047790485,-0.458740469,58.4459,0.0797079,2078.659912,0
"AQ36",0.840958852,-0.952504651,-0.100595599,-0.458740469,61.1968994,0.0769818,2007.900024,0
"AQ38",-0.30141645,-0.481050177,0.550471592,-0.458740469,46.7667999,0.103342,2318.370117,0
"AQ39",-0.51826054,-0.348485911,1.040590958,-0.458740469,44.0276985,0.110754,2552.090088,0
"AQ41",1.413702382,-0.01382016,1.092513608,-0.458740469,68.4316025,0.129466,2576.850098,0
"AQ42",-0.353072366,-0.571766916,-0.414312244,-0.458740469,46.1142998,0.0982698,1858.300049,0
"AQ43",0.007980609,-0.839553171,-0.663209668,-0.458740469,50.6749992,0.0832972,1739.609985,0
"AQ44",-0.208119057,-0.611135569,-0.483011188,-0.458740469,47.9453011,0.0960686,1825.540039,0
"AQ46",-1.102973635,-0.407345733,-0.860394094,-0.458740469,36.6417999,0.107463,1645.579956,0
"AQ58",-1.070270007,-0.242409459,-0.510587273,-0.458740469,37.0549011,0.116685,1812.390015,0
"AQ59",-0.999550964,-0.304005699,-0.276453069,-0.458740469,37.9482002,0.113241,1924.040039,0
"AQ60",-1.216046548,0.014366737,-0.39382441,-0.458740469,35.213501,0.131042,1868.069946,0
"AR23",1.25917765,-0.999892977,-0.830951616,-0.458740469,66.4796982,0.0743322,1659.619995,0
"AR25",0.382420721,-1.060090604,0.129910772,-0.366943814,55.4048004,0.0709664,2117.820068,1084
"AR27",-0.687755154,-1.067822327,-0.280353527,-0.458740469,41.8866997,0.0705341,1922.180054,0
"AR28",-0.693811364,-1.075723958,-0.283373393,-0.458740469,41.8101997,0.0700923,1920.73999,0
"AR29",-0.65316738,-0.971977933,-0.177494028,-0.458740469,42.3236008,0.075893,1971.229981,0
"AR30",1.844737839,-0.984549361,0.100342349,-0.458740469,73.876297,0.0751901,2103.719971,0
"AR33",0.519900564,-0.935689092,-1.11591797,0.324156284,57.1413994,0.077922,1523.729981,9245
"AR34",0.585276106,-0.793255835,-0.617641101,-0.340946052,57.9672012,0.0858858,1761.339966,1391
"AR35",1.180122642,-0.580138925,-0.117938134,-0.369653678,65.481102,0.0978017,1999.630005,1052
"AR37",0.487125963,-0.475988697,0.199029021,-0.415043906,56.7274017,0.103625,2150.780029,516
"AR38",1.472079194,-0.34222613,-0.120475466,-0.458740469,69.1689987,0.111104,1998.420044,0
"AR39",0.05734077,-0.215635484,0.564835987,-0.458740469,51.2985001,0.118182,2325.219971,0
"AR40",-0.647578361,-0.252675499,1.163833848,-0.458740469,42.3941994,0.116111,2610.860107,0
"AR41",1.475823935,-0.327578244,2.002983886,-0.458740469,69.216301,0.111923,3011.02002,0
"AR42",2.853172381,-0.26417561,1.801815295,-0.458740469,86.614502,0.115468,2915.090088,0
"AR43",2.159502861,-0.135349327,1.139549999,-0.458740469,77.8523026,0.122671,2599.280029,0
"AR44",-0.517064941,0.093508248,0.615479731,-0.458740469,44.0428009,0.135467,2349.370117,0
"AR45",-0.426467391,0.024793743,0.467869029,-0.458740469,45.1871986,0.131625,2278.979981,0
"AR46",-0.680361116,-0.25194221,0.043156116,-0.458740469,41.9800987,0.116152,2076.449951,0
"AR47",0.495683594,0.131120586,0.056241605,-0.458740469,56.8354988,0.13757,2082.689941,0
"AR48",0.76185613,0.019624953,-0.59098759,-0.458740469,60.1977005,0.131336,1774.050049,0
"AR50",-0.419571941,-0.650725998,-1.256587102,-0.429270694,45.2742996,0.093855,1456.650024,348
"AR51",0.445539759,0.098838004,-1.428586096,-0.458740469,56.2020988,0.135765,1374.630005,0
"AR58",-0.45028059,-0.454955835,-0.589435803,-0.458740469,44.8863983,0.104801,1774.790039,0
"AR59",-0.956326132,-0.207050642,-0.459272845,-0.458740469,38.4942017,0.118662,1836.859985,0
"AS28",1.643861726,-0.599134676,-0.929889922,-0.458740469,71.3388977,0.0967396,1612.439941,0
"AS29",0.658702536,-0.52993012,-1.180380859,-0.458740469,58.8946991,0.100609,1492.98999,0
"AS30",0.696932064,-0.725165519,-0.764161047,-0.458740469,59.3776016,0.0896929,1691.469971,0
"AS31",0.613585713,-0.987310819,-1.022264237,1.213161165,58.3247986,0.0750357,1568.390015,19743
"AS32",0.807938733,-0.631580013,-0.169923757,0.243622503,60.7798004,0.0949255,1974.839966,8294
"AS33",0.214968498,-0.336556558,0.501232699,-0.458740469,53.2896004,0.111421,2294.889893,0
"AS34",-0.83888335,-0.798680382,-0.483766091,-0.458740469,39.9776993,0.0855825,1825.180054,0
"AS36",-0.408235357,-1.023404713,-1.326124912,1.772663474,45.4174995,0.0730176,1423.48999,26350
"AS37",0.530936364,-0.928805122,-1.579048483,2.366631871,57.2807999,0.0783069,1302.880005,33364
"AS40",1.70001465,-0.020652264,0.378681994,0.464391766,72.0482025,0.129084,2236.449951,10901
"AS41",0.64039953,0.078556315,1.112602872,-0.458740469,58.6635017,0.134631,2586.429932,0
"AS42",1.119845676,-0.242874471,1.141269712,-0.458740469,64.7197037,0.116659,2600.100098,0
"AS43",-0.091428244,-0.181814784,1.427137392,-0.458740469,49.4193001,0.120073,2736.419922,0
"AS44",-0.525053011,0.347118783,1.400610082,-0.458740469,43.9418983,0.149647,2723.77002,0
"AS46",-1.153006629,-0.540906198,0.265043696,-0.458740469,36.0098,0.0999953,2182.26001,0
"AS47",-0.443757197,-0.280343729,0.469378834,-0.458740469,44.9687996,0.114564,2279.699951,0
"AS48",1.990023946,-0.280397384,0.212743723,-0.458740469,75.7115021,0.114561,2157.320068,0
"AS49",-0.165614795,-0.468906202,-0.43222102,-0.458740469,48.4822006,0.104021,1849.76001,0
"AS50",-0.396138644,-0.34422926,-0.320386143,-0.458740469,45.5703011,0.110992,1903.089966,0
"AS51",0.191590768,-0.310229709,-0.573309713,-0.458740469,52.9943008,0.112893,1782.479981,0
"AS52",-0.409533626,-0.610584709,-1.084609098,-0.458740469,45.4011002,0.0960994,1538.660034,0
"AS53",-0.892288727,-0.793202179,-1.18258285,-0.458740469,39.3031006,0.0858888,1491.939941,0
"AS59",-1.12776832,-0.532541343,-0.52977521,-0.458740469,36.3286018,0.100463,1803.23999,0
"AS60",-0.834695287,0.15050802,-0.365115844,-0.458740469,40.0306015,0.138654,1881.76001,0
"AS61",-1.382533,-0.005575135,-0.881762776,-0.458740469,33.1105003,0.129927,1635.390015,0
"AT32",1.586284595,-0.970872635,-0.130017086,0.114141796,70.6116028,0.0759548,1993.869995,6765
"AT33",1.763141241,-0.350900398,2.197861367,-0.458740469,72.8455963,0.110619,3103.949951,0
"AT34",0.073419279,-0.332210481,1.253922465,-0.458740469,51.5015984,0.111664,2653.820068,0
"AT35",0.24761656,-0.623018421,-0.207670418,-0.312661843,53.7019997,0.0954042,1956.839966,1725
"AT36",-1.347201111,-1.007095302,-1.239370512,2.315567864,33.5568008,0.0739295,1464.859985,32761
"AT41",1.946062552,-0.808309713,-0.65945589,0.377930155,75.1561966,0.0850441,1741.400024,9880
"AT42",1.089856979,-0.101027845,0.775210856,-0.458740469,64.3408966,0.12459,2425.540039,0
"AT43",-0.302255691,-0.278125978,1.061603307,-0.458740469,46.7561989,0.114688,2562.110107,0
"AT44",-0.645504264,-0.430578461,0.838226912,-0.458740469,42.4203987,0.106164,2455.590088,0
"AT45",0.812340307,-0.020312447,1.379996047,-0.458740469,60.8353996,0.129103,2713.939941,0
"AT46",1.695913559,-0.091977991,1.263044267,-0.458740469,71.9963989,0.125096,2658.169922,0
"AT47",-0.755173096,-0.486397818,0.515387697,-0.458740469,41.035099,0.103043,2301.639893,0
"AT48",1.117304087,-0.184604857,0.895475606,-0.458740469,64.6875992,0.119917,2482.889893,0
"AT49",0.388635176,-0.170779685,0.396339392,-0.458740469,55.4832993,0.12069,2244.870117,0
"AT50",-0.383202999,-0.274155489,-0.139705385,-0.458740469,45.7336998,0.11491,1989.25,0
"AT51",0.838243619,-0.233770962,-0.754304821,-0.458740469,61.1626015,0.117168,1696.170044,0
"AT52",0.761848277,-0.026268181,-0.991563589,-0.458740469,60.1976013,0.12877,1583.030029,0
"AT53",-0.437186391,-0.522507809,-1.429089365,-0.458740469,45.0517998,0.101024,1374.390015,0
"AT61",-1.396410872,-0.43873406,-1.097946222,-0.458740469,32.9351997,0.105708,1532.300049,0
"AU33",1.964365859,-0.920533269,0.101915126,-0.458740469,75.3873978,0.0787694,2104.469971,0
"AU34",0.405924983,-0.295420857,1.557635947,-0.458740469,55.7016983,0.113721,2798.649902,0
"AU35",-0.166873505,-0.506125069,0.541517205,-0.458740469,48.466301,0.10194,2314.100098,0
"AU47",-0.92431136,-0.467779442,0.31130445,-0.458740469,38.8986015,0.104084,2204.320068,0
"AU48",-0.856007066,-0.546411228,0.122046884,-0.458740469,39.7613983,0.0996875,2114.070068,0
"AU50",-1.302440638,-0.621135122,-0.46365558,-0.458740469,34.1222,0.0955095,1834.77002,0
"AU51",-0.386789186,-0.469406985,-0.047226116,-0.458740469,45.6884003,0.103993,2033.349976,0
"AU52",0.244196464,-0.271741002,-0.037705488,-0.458740469,53.6587982,0.115045,2037.890015,0
"AU53",2.754475627,0.367167966,0.799976983,-0.458740469,85.3677979,0.150768,2437.350098,0
"AU54",2.870953231,0.353539529,0.375410494,-0.458740469,86.8391037,0.150006,2234.889893,0
"AU55",1.730263669,-0.372505583,-1.222279612,-0.432319292,72.4302979,0.109411,1473.01001,312
"AU59",-0.966997728,-0.55958896,-1.407049488,-0.457300854,38.3594017,0.0989507,1384.900024,17
"AV34",0.680995793,-0.931140914,-0.385834577,0.38453545,59.1763,0.0781763,1871.880005,9958
"AV35",0.266553148,-0.704510032,-0.2226223,-0.458740469,53.9412003,0.0908478,1949.709961,0
"AV36",-0.325942058,-0.83593323,-0.709113833,-0.311222228,46.4570007,0.0834996,1717.719971,1742
"AV38",-0.345891838,-1.102809134,-1.133386194,0.961143778,46.2050018,0.0685779,1515.400024,16767
"AV39",-0.54873937,-0.98390371,-1.227228588,2.813590126,43.6427002,0.0752262,1470.650024,38642
"AV40",-0.768385972,-0.879297412,-0.640498852,0.115835461,40.8681984,0.081075,1750.439941,6785
"AV41",-0.797194468,-0.7576663,-0.930393191,0.013453397,40.5042992,0.0878757,1612.199951,5576
"AV43",-1.116067826,-1.160095068,-1.15295171,0.224822818,36.4763985,0.0653749,1506.069946,8072
"AV44",0.500963975,-0.984828369,-0.834978019,-0.458740469,56.9021988,0.0751745,1657.699951,0
"AV46",-0.193362686,-0.542533741,0.047539107,-0.458740469,48.1316986,0.0999043,2078.540039,0
"AV47",-0.399962503,-0.11018501,0.746397592,-0.458740469,45.5219994,0.124078,2411.800049,0
"AV48",-0.723846864,-0.351687341,0.204774881,-0.458740469,41.4308014,0.110575,2153.52002,0
"AV49",-1.348578808,-0.562082141,-0.255105379,-0.458740469,33.5393982,0.0988113,1934.219971,0
"AV51",-1.520923348,-0.555176709,-0.501507196,-0.458740469,31.3624001,0.0991974,1816.719971,0
"AV52",-1.461722994,-0.67112394,-0.536024338,-0.458740469,32.110199,0.0927145,1800.26001,0
"AV53",-0.607971437,-0.789034954,-0.552632962,-0.458740469,42.8945007,0.0861218,1792.339966,0
"AV54",1.877481327,-0.033958768,0.340159696,-0.458740469,74.2899017,0.12834,2218.080078,0
"AV55",-0.19879346,0.002491039,0.071529085,-0.458740469,48.0630989,0.130378,2089.979981,0
"AV56",0.203497222,-0.319315334,-0.15308449,-0.458740469,53.1446991,0.112385,1982.869995,0
"AV57",-0.482983917,-0.549587619,-0.513900498,-0.458740469,44.4733009,0.0995099,1810.810059,0
"AV58",1.451393153,0.246372087,0.466233278,-0.45382884,68.9076996,0.144014,2278.199951,58
"AV59",3.316721807,1.356213284,0.902542865,-0.3634718,92.469902,0.206068,2486.26001,1125
"AV60",1.16935592,0.3095601,-0.801698056,-0.458740469,65.3451004,0.147547,1673.569946,0
"AV61",-1.274922566,-0.455241996,-1.305364197,-0.376089606,34.469799,0.104785,1433.390015,976
"AV62",-1.004316742,-0.451056886,-1.20432911,-0.428254495,37.8880005,0.105019,1481.569946,360
"AW35",-1.122709604,-0.956764878,-0.988061701,0.829884723,36.3925018,0.0767436,1584.699951,15217
"AW36",-0.780229006,-0.787264331,-0.666900473,-0.342385668,40.7186012,0.0862208,1737.849976,1374
"AW37",-0.926868648,-0.80578255,-0.802599639,0.619785551,38.8662987,0.0851854,1673.140015,12736
"AW41",-0.327367167,-0.742345934,-0.592916955,-0.205960933,46.4389992,0.0887323,1773.130005,2985
"AW43",0.661600176,-1.123384139,-1.354728524,4.409192141,58.9313011,0.0674275,1409.849976,57484
"AW44",0.030503392,-0.769261202,-1.085972224,1.096552313,50.9594994,0.0872274,1538.01001,18366
"AW47",-0.753613594,-1.081037618,-0.650795118,-0.458740469,41.0547981,0.0697952,1745.530029,0
"AW48",-0.750605122,-1.033291589,-0.30161751,-0.458740469,41.0928001,0.0724648,1912.040039,0
"AW49",-1.164010722,-0.658252043,0.191291078,-0.458740469,35.8708,0.0934342,2147.090088,0
"AW52",-1.723184868,-0.721724429,-0.731426334,-0.458740469,28.8075008,0.0898853,1707.079956,0
"AW53",-1.234199463,-0.730055302,-0.909800147,-0.458740469,34.9841995,0.0894195,1622.02002,0
"AW54",-1.163195335,-1.074235919,-1.094549032,-0.458740469,35.8810997,0.0701755,1533.920044,0
"AW55",-1.153774604,-0.95142618,-1.019097691,-0.082069322,36.0000992,0.0770421,1569.900024,4448
"AW56",-0.064028858,-0.686653561,-0.550871266,-0.458740469,49.7653999,0.0918462,1793.180054,0
"AW57",-1.120928437,-0.83306625,-0.593504187,-0.458740469,36.4150009,0.0836599,1772.849976,0
"AW58",-1.364388239,-0.886921825,-0.662958034,-0.458740469,33.3396988,0.0806487,1739.729981,0
"AW59",0.804479078,-0.507341255,-0.303462913,-0.440872301,60.7360992,0.101872,1911.160034,211
"AW60",-0.181076022,-0.064774774,-0.427481696,-0.458740469,48.2868996,0.126617,1852.02002,0
"AW61",-1.259952075,-0.374776989,-1.035224037,-0.458740469,34.6589012,0.109284,1562.209961,0
"AW62",-1.016033236,-0.593338119,-1.28275808,-0.436130038,37.7400017,0.0970637,1444.170044,267
"AX36",-0.583707055,-0.842706312,-1.262836231,2.572412197,43.2010002,0.0831209,1453.670044,35794
"AX37",-0.585203437,-0.97574811,-1.110402753,0.141917905,43.1820984,0.0756822,1526.359985,7093
"AX42",-0.390937389,-0.9422869,-1.011129105,0.772130738,45.6360016,0.0775531,1573.699951,14535
"AX43",-0.752307163,-0.944690656,-1.155761668,4.657229414,41.0713005,0.0774187,1504.729981,60413
"AX44",-1.291341418,-0.953168187,-1.529831092,5.17015593,34.2624016,0.0769447,1326.349976,66470
"AX46",-1.150607887,-1.05430299,-1.098428755,0.209918564,36.0401001,0.07129,1532.069946,7896
"AX48",-0.727417352,-1.352883788,-0.701312918,-0.458740469,41.3857002,0.0545956,1721.439941,0
"AX49",0.200655149,-0.73326031,-0.06687534,-0.458740469,53.108799,0.0892403,2023.979981,0
"AX50",-0.320384745,-0.622605276,0.063182919,-0.458740469,46.5271988,0.0954273,2086,0
"AX53",-1.397716994,-0.874194797,-0.642532916,-0.458740469,32.9187012,0.0813603,1749.469971,0
"AX54",-1.077228869,-1.029022419,-0.927163672,-0.458740469,36.9669991,0.0727035,1613.73999,0
"AX55",-1.203498667,-0.954715247,-1.186357362,-0.031767464,35.3720016,0.0768582,1490.140015,5042
"AX56",-0.8585402,-1.147577296,-1.482962372,0.031575615,39.7294006,0.0660748,1348.699951,5790
"AX59",-0.777600745,-1.299298279,-1.219113066,1.547829415,40.7518005,0.0575917,1474.52002,23695
"AX60",-0.47350792,-0.952622692,-0.533487006,0.232698362,44.5929985,0.0769752,1801.469971,8165
"AX61",0.078153652,-0.238957637,-0.244410542,-0.458740469,51.5614014,0.116878,1939.319946,0
"AX62",0.03402646,-0.04971553,-0.469024117,-0.458740469,51.0040016,0.127459,1832.209961,0
"AX63",-0.114972365,-0.01483961,-0.650732146,-0.458740469,49.1218987,0.129409,1745.560059,0
"AX64",0.141225277,-0.637979297,-1.449975769,-0.458740469,52.3581009,0.0945677,1364.430054,0
"AY42",-1.207140421,-1.290405813,-1.60901522,2.302187909,35.3260002,0.0580889,1288.589966,32603
"AY43",-0.872156848,-1.145123462,-1.075550012,1.263886438,39.5573997,0.066212,1542.979981,20342
"AY44",-1.142509293,-0.866037408,-0.990850668,3.497153414,36.1423988,0.0818164,1583.369995,46714
"AY51",-0.283398228,-0.936132642,-0.428949776,-0.458740469,46.9944,0.0778972,1851.319946,0
"AY52",-0.419833165,-0.386438066,-0.247325198,-0.458740469,45.2709999,0.108632,1937.930054,0
"AY53",-1.316912232,-0.56141145,-0.519248044,-0.458740469,33.9393997,0.0988488,1808.26001,0
"AY54",0.388247413,-0.599962755,-0.619926799,-0.458740469,55.4784012,0.0966933,1760.25,0
"AY55",-0.792001066,-0.985876435,-0.968034898,-0.458740469,40.5699005,0.0751159,1594.25,0
"AY56",-0.967504478,-1.176687064,-1.442405497,-0.458740469,38.3530006,0.0644472,1368.040039,0
"AY61",-0.250140437,-1.185531239,-1.087712672,0.576004304,47.4145012,0.0639527,1537.180054,12219
"AY62",-1.336830299,-1.220959808,-0.920243349,-0.23365236,33.6878014,0.0619718,1617.040039,2658
"AY63",-0.836310356,-0.395631,-0.534094973,-0.458740469,40.0102005,0.108118,1801.180054,0
"AY64",0.121291203,-0.423460196,-1.321993811,-0.458740469,52.1063004,0.106562,1425.459961,0
"AZ43",-0.79175554,-1.350989757,-1.685452106,2.232493585,40.5730019,0.0547015,1252.140015,31780
"AZ44",-0.754658492,-1.181190529,-1.085426974,1.064880774,41.0415993,0.0641954,1538.27002,17992
"AZ45",-0.881522306,-0.715051503,-0.940291143,0.963345543,39.4390984,0.0902584,1607.479981,16793
"AZ53",-1.36922529,-0.828773829,-1.231925929,-0.428169812,33.2785988,0.0838999,1468.410034,361
"AZ54",-0.985768218,-1.148274814,-1.192019515,-0.455014406,38.1222992,0.0660358,1487.439941,44
"AZ55",-0.323313797,-1.014515825,-1.277242863,-0.416568205,46.4902,0.0735146,1446.800049,498
"AZ63",-1.083839242,-1.058314615,-1.439910146,1.396585109,36.8834991,0.0710657,1369.229981,21909
"AZ64",-0.718598196,-0.663102479,-1.55602306,0.295872075,41.4971008,0.093163,1313.859985,8911
"BA45",-1.522546269,-1.124897217,-1.405518692,0.878662281,31.3418999,0.0673429,1385.630005,15793
"BA62",-1.52561786,-1.030962951,-1.415521598,-0.19444401,31.3031006,0.072595,1380.859985,3121
"BA63",-2.020627911,-0.986940597,-1.231737268,-0.458740469,25.0503006,0.0750564,1468.5,0
"BA64",-1.177247159,-0.56527284,-1.252204367,-0.409285445,35.7036018,0.0986329,1458.73999,584
"BA66",-1.990457718,-0.510310179,-1.233205091,-0.458740469,25.4314003,0.101706,1467.800049,0
"BA71",-1.481902293,-0.640257857,-1.189377228,-0.458740469,31.8553009,0.0944403,1488.699951,0
"BA72",-4.003763558,-0.524189007,-1.220497182,-0.458740469,0,0.10093,1473.859985,0
"BB53",-0.910695013,-0.975588933,-2.047379606,2.594599211,39.0705986,0.0756911,1079.550049,36056
"BB54",-0.622910215,-0.858643713,-1.50082891,1.19537768,42.7057991,0.0822298,1340.180054,19533
"BB55",1.061967151,-1.01470183,-1.307691877,2.405416805,63.9886017,0.0735042,1432.280029,33822
"BB56",1.400885115,-1.015669413,-1.649907436,1.352295764,68.2696991,0.0734501,1269.089966,21386
"BB61",-0.333557761,-0.969826357,-1.365716976,0.359130471,46.3608017,0.0760133,1404.609985,9658
"BB62",-0.277223341,-0.811369851,-0.755164678,-0.458740469,47.0723991,0.084873,1695.76001,0
"BB63",-0.845462009,-0.471320689,-0.308370163,-0.458740469,39.8945999,0.103886,1908.819946,0
"BB64",-0.703509319,-0.101457087,-0.217232772,-0.384134516,41.6876984,0.124566,1952.280029,881
"BB65",0.057942338,0.32900119,-0.042549765,-0.458740469,51.3060989,0.148634,2035.579956,0
"BB66",-0.379482119,0.315050822,-0.11443599,-0.458740469,45.7807007,0.147854,2001.300049,0
"BB67",-0.366712573,-0.144291871,-0.731426334,-0.458740469,45.9420013,0.122171,1707.079956,0
"BB70",-1.807892766,-0.614993383,-1.059675301,-0.458740469,27.7374992,0.0958529,1550.550049,0
"BB71",-1.344382891,-0.590832418,-1.019873585,-0.458740469,33.5923996,0.0972038,1569.530029,0
"BB72",-4.003763558,-0.477169113,-1.075843628,-0.458740469,0,0.103559,1542.839966,0
"BB76",-1.916540244,-0.24477029,-1.158634598,-0.458740469,26.3651009,0.116553,1503.359985,0
"BB77",-1.901055458,-0.176967925,-1.156222954,-0.458740469,26.5606995,0.120344,1504.51001,0
"BB78",-4.003763558,-0.341349761,-1.196045662,-0.458740469,0,0.111153,1485.52002,0
"BC36",-0.354727001,-1.378065991,-2.253277281,1.06869152,46.093399,0.0531876,981.3649902,18037
"BC37",-0.277342019,-1.312447395,-1.058291441,1.139402044,47.0709,0.0568565,1551.209961,18872
"BC38",0.78916039,-1.195482502,-0.463970187,2.638380458,60.5425987,0.0633963,1834.619995,36573
"BC39",0.19231103,-1.370598967,-1.195940963,3.000740134,53.0033989,0.0536051,1485.569946,40852
"BC40",0.843428867,-1.416658432,-1.647537774,2.125453942,61.2280998,0.0510298,1270.219971,30516
"BC41",0.003309957,-1.591499467,-1.96754553,0.906946491,50.6160011,0.041254,1117.619995,16127
"BC42",-0.475130842,-1.529010761,-1.950223986,3.474288933,44.5724983,0.0447479,1125.880005,46444
"BC43",-0.075373295,-1.626230517,-2.391146951,2.11165057,49.6221008,0.0393121,915.6199951,30353
"BC45",-0.848802678,-1.559964481,-2.211137261,-0.26921933,39.8524017,0.0430172,1001.460022,2238
"BC48",-0.774806085,-1.262075835,-2.385428353,0.71505422,40.7871017,0.0596729,918.3469849,13861
"BC49",-0.84357001,-1.301297831,-2.46702822,-0.124241586,39.918499,0.0574799,879.4349976,3950
"BC53",-0.967836968,-0.965465973,-1.497033406,1.944993912,38.3488007,0.0762571,1341.98999,28385
"BC54",0.147313193,-1.03462224,-0.865909311,0.253869177,52.4350014,0.0723904,1642.949951,8415
"BC55",-0.627620426,-0.885829046,-0.513292532,-0.257363673,42.6463013,0.0807098,1811.099976,2378
"BC56",1.381719309,-0.389478531,-0.262445007,-0.458740469,68.0276031,0.108462,1930.719971,0
"BC57",-0.164079146,-0.98140874,-1.012554947,-0.456962121,48.5015984,0.0753657,1573.02002,21
"BC58",-0.017851121,-0.959435122,-0.839507434,-0.458740469,50.3487015,0.0765943,1655.540039,0
"BC59",-0.841297799,-0.946028461,-0.804549996,-0.458740469,39.9472008,0.0773439,1672.209961,0
"BC60",0.19237445,-0.573575098,-0.442370606,-0.458740469,53.0042,0.0981687,1844.920044,0
"BC61",-0.119920249,-0.846394217,-0.818684003,-0.458740469,49.0593987,0.0829147,1665.469971,0
"BC62",-0.125873479,-0.589485671,-0.367359817,-0.458740469,48.9841995,0.0972791,1880.689941,0
"BC63",0.032902134,-0.504211364,-0.339343181,-0.458740469,50.9897995,0.102047,1894.050049,0
"BC64",0.48512283,-0.438966567,-0.590442339,-0.458740469,56.7020988,0.105695,1774.310059,0
"BC65",0.554923815,-0.127640855,-0.318414795,-0.458740469,57.5838013,0.123102,1904.030029,0
"BC66",-0.579550698,-0.507019323,-0.202931094,-0.458740469,43.2535019,0.10189,1959.099976,0
"BC67",-0.058329006,0.544140903,0.22960398,-0.458740469,49.8373985,0.160663,2165.360107,0
"BC68",0.108371257,0.22542865,-0.293208372,-0.458740469,51.9431,0.142843,1916.050049,0
"BC75",-1.661846989,-0.392053983,-1.029687829,-0.458740469,29.5823002,0.108318,1564.849976,0
"BC76",-1.598672384,-0.333408782,-0.879917373,-0.458740469,30.3803005,0.111597,1636.27002,0
"BC77",-1.660018259,-0.51456683,-1.053405182,-0.458740469,29.6054001,0.101468,1553.540039,0
"BC78",-1.678432248,-0.692487677,-1.266904615,-0.458740469,29.3728008,0.09152,1451.729981,0
"BD38",-1.018970442,-1.230344114,-0.670402361,-0.069366832,37.7028999,0.0614471,1736.180054,4598
"BD39",-1.376761875,-1.044666505,-0.957486742,0.64468243,33.1833992,0.0718288,1599.280029,13030
"BD41",-0.141936282,-0.790878907,-1.195773037,-0.458740469,48.7812996,0.0860187,1485.650024,0
"BD42",-0.938822514,-0.938110732,-1.243795229,-0.313085259,38.7153015,0.0777866,1462.75,1720
"BD43",-0.523058032,-1.213313934,-1.494789434,0.21525361,43.9670982,0.0623993,1343.060059,7959
"BD44",-1.318843791,-1.36913239,-1.800222886,-0.401494584,33.9150009,0.0536871,1197.410034,676
"BD45",-0.929298803,-1.1264407,-1.593308435,0.085942269,38.8356018,0.0672566,1296.079956,6432
"BD46",-1.0383265,-0.984576189,-1.596181365,0.196877342,37.4584007,0.0751886,1294.709961,7742
"BD49",-2.018150043,-1.200848028,-2.618847332,0.255562842,25.0816002,0.0630963,807.0380249,8435
"BD53",-1.849043334,-0.925800427,-0.954488122,2.564621337,27.2176991,0.0784749,1600.709961,35702
"BD54",-1.818508938,-0.942578427,-0.748852577,0.713445238,27.6033993,0.0775368,1698.77002,13842
"BD55",-0.451175096,-0.803414564,-0.750949614,0.625628696,44.8750992,0.0853178,1697.77002,12805
"BD56",-0.629647119,-0.960755041,-1.086748117,0.142426005,42.6207008,0.0765205,1537.640015,7099
"BD59",-1.533178306,-0.891960054,-1.210473285,1.556128374,31.2075996,0.080367,1478.640015,23793
"BD60",-1.202295516,-0.971207086,-1.094507307,0.503007333,35.3871994,0.0759361,1533.939941,11357
"BD61",-1.490286122,-0.752404507,-1.170755532,-0.397175738,31.7493992,0.0881699,1497.579956,727
"BD62",0.002296465,-0.646989804,-0.989235909,-0.458740469,50.603199,0.0940639,1584.140015,0
"BD63",-0.28502115,-0.776823017,-0.541161976,-0.458740469,46.9738998,0.0868046,1797.810059,0
"BD64",-0.148119023,-0.542859249,-0.533172399,-0.458740469,48.7032013,0.0998861,1801.619995,0
"BD65",-0.167752313,-0.786658026,-1.00758498,-0.458740469,48.4552002,0.0862547,1575.390015,0
"BD67",-1.811360116,-0.88611163,-0.497585747,-0.458740469,27.6937008,0.080694,1818.589966,0
"BD68",-0.180331908,0.416799083,0.499219625,-0.458740469,48.296299,0.153543,2293.929932,0
"BD69",0.542423339,0.724923364,0.028246471,-0.458740469,57.4258995,0.170771,2069.340088,0
"BD72",-0.591504864,-0.479351093,-1.24629058,-0.458740469,43.1025009,0.103437,1461.560059,0
"BD73",-1.222981558,-0.514978187,-1.084777025,-0.458740469,35.1259003,0.101445,1538.579956,0
"BD74",-1.912637417,-0.48471662,-1.046191498,-0.458740469,26.4144001,0.103137,1556.979981,0
"BD75",-1.212420802,-0.579589853,-1.089222733,-0.458740469,35.2593002,0.0978324,1536.459961,0
"BE38",-1.346148352,-1.311520947,-1.279381881,0.861132846,33.5700989,0.0569083,1445.780029,15586
"BE43",-0.340603603,-0.648032504,-1.163080306,-0.165905751,46.271801,0.0940056,1501.23999,3458
"BE44",-0.579914901,-0.965383702,-1.2547417,1.757251121,43.2489014,0.0762617,1457.530029,26168
"BE45",-0.185208526,-1.140235468,-1.123718885,-0.161502221,48.2346992,0.0664853,1520.01001,3510
"BE46",-1.368465168,-0.920395554,-1.286302205,-0.381932751,33.2882004,0.0787771,1442.479981,907
"BE47",-1.217147021,-1.042119668,-1.589869264,1.531485545,35.1996002,0.0719712,1297.719971,23502
"BE51",-0.697690481,-0.904738948,-1.568856915,2.673100595,41.7612,0.0796525,1307.73999,36983
"BE52",-1.149491715,-0.944273933,-0.983888618,2.664971002,36.0541992,0.077442,1586.689941,36887
"BE53",-0.732190983,-0.915149858,-0.257957318,-0.419193386,41.3254013,0.0790704,1932.859985,467
"BE54",0.029205115,-0.476954492,0.210583714,-0.458740469,50.9431,0.103571,2156.290039,0
"BE55",0.255113578,-0.264676392,0.043219089,-0.458740469,53.7966995,0.11544,2076.479981,0
"BE56",-0.665667856,-0.676766685,-0.59644009,-0.458740469,42.165699,0.092399,1771.449951,0
"BE57",-0.320629962,-0.675720408,-0.825792988,-0.458740469,46.5241013,0.0924575,1662.079956,0
"BE58",-0.226089866,-0.568490368,-0.731279399,-0.458740469,47.7182999,0.098453,1707.150024,0
"BE59",0.05176745,-0.743569274,-0.534556515,-0.458740469,51.2280998,0.0886639,1800.959961,0
"BE60",0.195572873,-0.7659775,-0.707687735,-0.431557142,53.0446014,0.087411,1718.400024,321
"BE61",-1.369154017,-0.859629182,-1.042395739,-0.458740469,33.2794991,0.0821747,1558.790039,0
"BE62",-1.578817579,-0.896104028,-1.074459512,-0.458740469,30.6310997,0.0801353,1543.5,0
"BE64",-0.366015871,-1.147607701,-1.11430321,-0.436553455,45.9508018,0.0660731,1524.5,262
"BE65",-1.133998775,-1.135653308,-1.046568821,-0.078343258,36.2499008,0.0667415,1556.800049,4492
"BE66",-1.028890063,-0.91087711,-1.002006791,-0.285563199,37.5775986,0.0793093,1578.050049,2045
"BE67",-1.556413489,-0.850869066,-0.840807587,-0.458740469,30.9141006,0.0826645,1654.920044,0
"BE68",-1.310040643,-0.986294946,-0.547725711,-0.458740469,34.0261993,0.0750925,1794.680054,0
"BE69",-1.082453684,-0.574161729,-0.388791471,-0.458740469,36.901001,0.0981359,1870.469971,0
"BE70",-1.43357134,-0.478921851,-0.77244424,-0.458740469,32.4658012,0.103461,1687.52002,0
"BE73",-1.608940209,-0.526478298,-1.031533232,-0.458740469,30.2506008,0.100802,1563.969971,0
"BF44",-1.041873128,-1.004036952,-1.408769202,0.632911456,37.4136009,0.0741005,1384.079956,12891
"BF45",-0.261959911,-0.940831054,-0.567962167,0.31729694,47.2652016,0.0776345,1785.030029,9164
"BF46",-0.020249871,-0.697216494,-0.569870542,-0.458740469,50.3184013,0.0912556,1784.119995,0
"BF47",-0.162519344,-0.637734271,-0.98080578,-0.458740469,48.5213013,0.0945814,1588.160034,0
"BF48",-1.106718067,-0.759492367,-1.565396753,-0.458740469,36.5945015,0.0877736,1309.390015,0
"BF53",-0.733038076,-1.097395318,-1.063093481,1.543679935,41.3147011,0.0688806,1548.920044,23646
"BF54",-0.562031373,-0.97175437,-0.842233684,0.120577723,43.4748001,0.0759055,1654.23999,6841
"BF55",0.53323998,-0.910742972,-0.856661307,-0.458740469,57.3098984,0.0793168,1647.359985,0
"BF56",0.26804923,-0.745624271,-0.885495562,-0.458740469,53.9600983,0.088549,1633.609985,0
"BF57",-0.718614195,-0.902480062,-0.873898888,-0.458740469,41.4968987,0.0797788,1639.140015,0
"BF58",-0.567287894,-0.825604592,-0.793016293,-0.458740469,43.4084015,0.0840771,1677.709961,0
"BF59",0.542977502,-0.554318225,-0.448850634,-0.458740469,57.4328995,0.0992454,1841.829956,0
"BF60",0.388421357,-0.459749038,-0.309313727,-0.458740469,55.4805984,0.104533,1908.369995,0
"BF61",-0.409494067,-0.782093752,-0.786431567,-0.458740469,45.4015999,0.0865099,1680.849976,0
"BF62",-0.609412253,-0.989773595,-0.978436118,-0.458740469,42.8763008,0.074898,1589.290039,0
"BF63",-1.185100535,-1.057829929,-1.206195248,-0.458740469,35.6044006,0.0710928,1480.680054,0
"BF65",-1.099221041,-1.003015714,-1.069531527,-0.061999389,36.6892014,0.0741576,1545.849976,4685
"BF66",-0.907932059,-1.020417903,-1.047302989,-0.307750214,39.1054993,0.0731846,1556.449951,1783
"BF67",-0.590531231,-0.857801326,-0.782384174,-0.458740469,43.1147995,0.0822769,1682.780029,0
"BF68",-1.482591141,-1.073298741,-0.930812496,-0.458740469,31.8465996,0.0702279,1612,0
"BF69",-1.546375326,-1.102197464,-0.830658,-0.458740469,31.0408993,0.0686121,1659.76001,0
"BF70",-1.289196047,-0.666822577,-0.518702795,-0.458740469,34.2895012,0.092955,1808.52002,0
"BF71",-0.4743073,-0.33501844,-0.738702991,-0.458740469,44.582901,0.111507,1703.609985,0
"BF72",-1.292845654,-0.487131106,-1.132903916,-0.458740469,34.2434006,0.103002,1515.630005,0
"BF73",-1.848172388,-0.550955828,-0.8027883,-0.458740469,27.2287006,0.0994334,1673.050049,0
"BF74",-1.60738856,-0.613390879,-0.79907676,-0.458740469,30.2702007,0.0959425,1674.819946,0
"BF75",-1.603446165,-0.534884289,-1.053740779,-0.458740469,30.3199997,0.100332,1553.380005,0
"BG46",0.732406198,-1.176690641,-0.964176422,-0.458740469,59.8256989,0.064447,1596.089966,0
"BG47",0.486350143,-0.700890091,-0.898056792,-0.458740469,56.7176018,0.0910502,1627.619995,0
"BG48",-0.972460207,-0.866593634,-1.507162002,-0.458740469,38.2904015,0.0817853,1337.160034,0
"BG70",-0.663063148,-1.062800194,-0.595580233,-0.458740469,42.1986008,0.0708149,1771.859985,0
"BG71",-1.077909571,-0.720429548,-0.591428141,-0.458740469,36.9584007,0.0899577,1773.839966,0
"BG72",-0.916838195,-0.680497514,-0.840786596,-0.458740469,38.993,0.0921904,1654.930054,0
"BG73",-1.356297499,-0.779711458,-0.961932449,-0.458740469,33.4418983,0.0866431,1597.160034,0
"BG74",-0.717577151,-0.719880476,-0.901705615,-0.458740469,41.5099983,0.0899884,1625.880005,0
"BG75",-0.654346971,-0.520594104,-0.983699701,-0.458740469,42.3087006,0.101131,1586.780029,0
"BH71",-0.732990664,-1.111937683,-1.213514142,-0.458740469,41.3153,0.0680675,1477.189941,0
"BH72",-1.255867292,-0.935281312,-1.208690855,-0.424443748,34.7104988,0.0779448,1479.48999,405
"BH73",-0.969008714,-0.892872193,-1.249939659,-0.442820016,38.3339996,0.080316,1459.819946,188
"BH74",-0.201334749,-0.897799535,-1.501185498,-0.458740469,48.0309982,0.0800405,1340.01001,0
"BH75",-0.656120285,-0.971566576,-1.628727416,-0.458740469,42.2863007,0.075916,1279.189941,0
"BI68",-1.236906842,-1.037036726,-1.2450534,-0.154388827,34.9500008,0.0722554,1462.150024,3594
"BI73",-0.296120362,-0.971026447,-1.64797807,-0.443836215,46.8336983,0.0759462,1270.01001,176
"BI74",0.197567852,-0.685376566,-1.393880036,-0.458740469,53.0698013,0.0919176,1391.180054,0
"BI75",-0.769454731,-0.608631657,-1.6359411,-0.458740469,40.8546982,0.0962086,1275.75,0
"BJ75",-0.338117881,-0.557210243,-1.547089663,-0.458740469,46.3031998,0.0990837,1318.119995,0
"BJ76",-0.070956014,-0.629153006,-2.188594116,-0.34814413,49.6778984,0.0950612,1012.210022,1306
"BK72",-0.641102389,-0.830496163,-1.511524002,-0.358390804,42.4760017,0.0838036,1335.079956,1185
"BK76",-0.683123761,-0.503996743,-2.088083161,-0.13160903,41.9452019,0.102059,1060.140015,3863
"BK77",-0.20556207,-0.462020444,-2.403917833,1.345944519,47.9776001,0.104406,909.5300293,21311
"BL65",0.316245799,-0.627139145,-1.528530939,-0.458740469,54.5689011,0.0951738,1326.969971,0
"BL71",0.964687662,-0.921626048,-1.693190305,-0.380069719,62.7598,0.0787083,1248.449951,929
"BL72",-0.44206301,-0.916428641,-1.756793337,-0.408184562,44.9902,0.0789989,1218.119995,597
"H52",2.333248357,-0.085557245,0.462584455,0.699641866,80.0469971,0.125455,2276.459961,13679
"H53",2.547812684,-0.858166181,1.197407427,-0.403526983,82.7573013,0.0822565,2626.870117,652
"I52",0.964735075,0.637197011,0.290459515,5.964738974,62.7603989,0.165866,2194.379883,75853
"I54",1.474414825,0.534035829,0.502281217,0.829884723,69.1985016,0.160098,2295.389893,15217
"J53",-0.579131228,2.092238275,-0.337980312,5.570284341,43.2588005,0.247221,1894.699951,71195
"J54",1.721421254,1.141037801,0.401036734,2.447335019,72.3186035,0.194037,2247.110107,34317
"J55",1.618869236,0.166211127,0.770576487,0.118714692,71.023201,0.139532,2423.330078,6819
"K54",2.397942904,1.724950126,-0.483011188,2.553104413,80.8641968,0.226685,1825.540039,35566
"L25",-0.422881196,1.484342049,-1.103964707,-0.345772998,45.2324982,0.213232,1529.430054,1334
"L26",-0.681817638,0.609636092,-1.203532226,-0.39124791,41.9617004,0.164325,1481.949951,797
"L28",-0.844971266,0.153065588,-1.787997254,-0.201811454,39.9007988,0.138797,1203.23999,3034
"L54",1.693704769,1.8694974,-0.449752216,3.821236256,71.9684982,0.234767,1841.400024,50541
"M22",2.561912221,-0.763199946,1.217266303,-0.458740469,82.9354019,0.0875663,2636.340088,0
"M23",1.95810369,0.273128178,0.869032259,0.119307474,75.3082962,0.14551,2470.280029,6826
"M24",0.451437724,0.682768213,-0.95675283,0.605982179,56.2765999,0.168414,1599.630005,12573
"M25",-1.088652432,-0.060643318,-1.671129438,-0.397683838,36.8227005,0.126848,1258.969971,721
"M26",-0.689947938,-0.137513423,-1.827400656,-0.31206906,41.8590012,0.12255,1184.449951,1732
"N19",-0.652462825,-0.530377247,-0.448305384,-0.314016775,42.3325005,0.100584,1842.089966,1709
"N20",-0.936764416,-0.087470949,0.446185484,-0.458740469,38.7412987,0.125348,2268.639893,0
"N21",-0.119864682,0.069345495,0.207081826,-0.451288342,49.0601006,0.134116,2154.620117,88
"N22",1.029706854,-1.475645238,-1.091068135,-0.458740469,63.5811005,0.0477317,1535.579956,0
"N23",1.884970199,-0.440039672,-0.278676051,-0.291575711,74.3844986,0.105635,1922.979981,1974
"N24",1.152026246,0.322258512,-0.744302171,0.67169639,65.1261978,0.148257,1700.939941,13349
"N53",3.28622697,1.56471763,-0.591113535,4.137358871,92.0847015,0.217726,1773.98999,54274
"N54",2.627366589,1.398547286,0.129763836,3.644671655,83.7621994,0.208435,2117.75,48456
"N55",1.902402551,1.157366886,0.185272337,3.964689701,74.6046982,0.19495,2144.219971,52235
"O17",4.059466101,-1.348904356,2.030098428,-0.437484971,101.8519974,0.0548181,3023.949951,251
"O18",2.573644722,-1.049738715,1.046546214,-0.404289132,83.0836029,0.0715452,2554.929932,643
"O20",-0.513724272,-0.934548023,-0.397703877,-0.458740469,44.0849991,0.0779858,1866.219971,0
"O21",-0.453906336,0.200049712,0.71848591,-0.458740469,44.8405991,0.141424,2398.48999,0
"O22",-0.210898018,-0.190810983,-0.182946273,-0.330614694,47.9101982,0.11957,1968.630005,1513
"O23",-0.700825492,-0.147081945,-0.409048661,-0.455183772,41.7215996,0.122015,1860.810059,42
"O24",1.64403628,0.312475369,-0.447864832,0.933706401,71.3411026,0.14771,1842.300049,16443
"O53",2.558373447,0.820000487,0.459837214,3.03723862,82.8907013,0.176087,2275.149902,41283
"O54",1.525587851,0.160684635,0.735555564,-0.243306252,69.844902,0.139223,2406.629883,2544
"O55",1.39526439,0.727409391,0.165434451,2.267213722,68.1987,0.17091,2134.76001,32190
"P11",-0.348504392,-0.192885653,1.554532374,-0.458740469,46.1720009,0.119454,2797.169922,0
"P12",-0.582242378,0.208652439,1.521588009,-0.458740469,43.2195015,0.141905,2781.459961,0
"P13",1.524083314,-0.647460181,1.852772878,-0.458740469,69.8258972,0.0940376,2939.389893,0
"P15",-1.010539343,0.310329159,1.032496171,-0.458740469,37.8093987,0.14759,2548.229981,0
"P16",-0.872885256,0.120139142,0.798886483,-0.458740469,39.5481987,0.136956,2436.830078,0
"P17",0.619428403,-0.309138719,1.413758543,-0.458740469,58.3986015,0.112954,2730.040039,0
"P22",1.933134753,-0.07833167,0.948195396,-0.224083151,74.992897,0.125859,2508.030029,2771
"P23",1.584305323,0.253222076,0.762334764,0.424082533,70.5866013,0.144397,2419.399902,10425
"P24",0.237538686,0.850798607,0.292284183,0.759512932,53.5746994,0.177809,2195.25,14386
"P25",1.946854379,0.171057985,-0.932343292,0.311961895,75.1661987,0.139803,1611.27002,9101
"P52",0.962534438,1.446980102,0.370000488,2.578763441,62.7326012,0.211143,2232.310059,35869
"P53",1.000819232,0.365611963,0.730963176,0.344988367,63.2162018,0.150681,2404.439941,9491
"Q11",0.691010247,-0.462950468,1.755701477,-0.458740469,59.3027992,0.104354,2893.100098,0
"Q12",-0.262759592,-0.276033423,1.041010263,-0.458740469,47.2551003,0.114805,2552.290039,0
"Q13",-0.149314621,-0.387010388,0.92095491,-0.458740469,48.6880989,0.1086,2495.040039,0
"Q14",-0.060711741,-0.476060237,1.138291572,-0.458740469,49.8073006,0.103621,2598.679932,0
"Q15",-0.309863549,-0.028915174,1.00649312,-0.458740469,46.660099,0.128622,2535.830078,0
"Q18",1.121673955,-0.22416667,0.524971298,-0.458740469,64.7427979,0.117705,2306.209961,0
"Q19",-0.208166779,0.822057272,-1.07672422,-0.145158352,47.9446983,0.176202,1542.420044,3703
"Q21",0.407785577,-0.467189234,-0.681978044,-0.458740469,55.7252007,0.104117,1730.660034,0
"Q22",0.088001698,0.123125952,1.272459942,-0.458740469,51.6857986,0.137123,2662.659912,0
"Q23",2.712469954,-1.234117867,2.067761125,-0.458740469,84.8371964,0.0612361,3041.909912,0
"Q24",0.686410868,0.181520761,0.70730854,-0.255161908,59.2447014,0.140388,2393.159912,2404
"Q25",1.629501265,-0.047426239,-0.71928441,-0.224506568,71.1575012,0.127587,1712.869995,2766
"Q26",-1.060445505,-0.41095852,-1.695455013,-0.458740469,37.1790009,0.107261,1247.369995,0
"Q28",0.879196233,-0.418541797,-2.182051372,-0.339675803,61.6799011,0.106837,1015.330017,1406
"R11",1.358634224,-0.49705733,1.661397284,-0.458740469,67.7360001,0.102447,2848.129883,0
"R12",0.550355842,-0.467439625,1.172263465,-0.458740469,57.5261002,0.104103,2614.879883,0
"R13",0.186294387,-0.107877834,1.518631371,-0.458740469,52.9273987,0.124207,2780.050049,0
"R14",0.93752564,-0.53517045,0.839086513,-0.458740469,62.4166985,0.100316,2456,0
"R15",0.241109174,-0.326344173,0.660922354,-0.458740469,53.6198006,0.111992,2371.040039,0
"R16",0.009318446,-0.224792648,1.186817289,-0.458740469,50.6918983,0.11767,2621.820068,0
"R17",-0.701545754,-0.00664824,0.925023038,-0.458740469,41.7125015,0.129867,2496.979981,0
"R18",-0.445490951,-0.061305067,0.753863165,-0.458740469,44.9468994,0.126811,2415.360107,0
"R19",-0.242817664,-0.71447918,-0.678580855,-0.458740469,47.507,0.0902904,1732.280029,0
"R20",-0.316133563,-1.524745167,-1.175389901,-0.458740469,46.5808983,0.0449864,1495.369995,0
"R21",-0.030628528,-0.491834884,-0.591847446,-0.458740469,50.1873016,0.102739,1773.640015,0
"R22",0.784750962,-0.037249624,0.828936671,-0.435791305,60.4869003,0.128156,2451.159912,271
"R23",2.183458298,-1.430989752,2.180854685,-0.458740469,78.1548996,0.0502285,3095.840088,0
"R24",0.491772762,0.131120586,0.98080442,-0.457808953,56.7860985,0.13757,2523.580078,11
"R25",-0.579994329,-0.23137436,-0.35391774,-0.458740469,43.2478981,0.117302,1887.099976,0
"R26",-1.161722805,-0.879370741,-1.227501213,-0.458740469,35.8997002,0.0810709,1470.52002,0
"R29",0.158475524,-0.088722905,-1.512110978,0.216693225,52.5760002,0.125278,1334.800049,7976
"R30",-0.365406443,0.332542437,-1.283261348,0.415614207,45.9584999,0.148832,1443.930054,10325
"S11",1.963669458,-0.808654895,1.909959111,-0.455776555,75.3786011,0.0850248,2966.659912,35
"S12",-0.163675383,-0.511079238,1.251678492,-0.458740469,48.5066986,0.101663,2652.75,0
"S13",0.600428403,-0.650652669,0.369853552,-0.458740469,58.1585999,0.0938591,2232.23999,0
"S14",1.225444822,-0.12358094,0.376249616,-0.458740469,66.0535965,0.123329,2235.290039,0
"S15",0.304481584,-0.284206908,-0.112758514,-0.458740469,54.4202995,0.114348,2002.099976,0
"S16",0.261272767,-0.568070068,0.17029972,-0.458740469,53.8745003,0.0984765,2137.080078,0
"S17",-0.302097145,-0.598195709,0.43182109,-0.458740469,46.7582016,0.0967921,2261.790039,0
"S18",0.067695567,-0.306777888,0.689211359,-0.458740469,51.4292984,0.113086,2384.530029,0
"S19",0.681755915,-0.85560146,-0.82080203,-0.081222489,59.1859016,0.0823999,1664.459961,4458
"S20",-0.768781589,-0.359914481,-1.163709519,0.339907371,40.8632011,0.110115,1500.939941,9431
"S21",-0.270620821,-0.154289635,-1.06795875,0.342617235,47.1557999,0.121612,1546.599976,9463
"S22",0.826083494,-0.11644479,-0.381200208,-0.436468771,61.0089989,0.123728,1874.089966,263
"S23",-0.112573623,0.001221198,0.683046194,-0.458740469,49.1521988,0.130307,2381.590088,0
"S24",-0.371731722,0.130154791,0.26785391,-0.458740469,45.8786011,0.137516,2183.600098,0
"S25",-0.967821269,-0.464542241,-0.527678173,-0.458740469,38.348999,0.104265,1804.23999,0
"S29",-0.889502221,-0.797848725,-0.859764881,-0.193089078,39.3382988,0.085629,1645.880005,3137
"S30",-0.9625883,-0.353225459,-0.367904811,-0.301737702,38.4151001,0.110489,1880.430054,1854
"S31",-0.896159999,0.291192116,-0.352072337,0.224653452,39.2542,0.14652,1887.979981,8070
"S32",-0.974447333,0.349157683,-0.95102796,0.209579831,38.2653008,0.149761,1602.359985,7892
"S41",-0.134534089,1.192135495,-0.938298804,0.406553098,48.8748016,0.196894,1608.430054,10218
"S42",0.234538369,1.891531828,-0.693763381,1.085374123,53.5368004,0.235999,1725.040039,18234
"S43",0.061932295,2.181717366,-0.180765273,1.8408335,51.3564987,0.252224,1969.670044,27155
"S44",1.077088035,1.703899378,-0.326404628,-0.317234739,64.1796036,0.225508,1900.219971,1671
"S46",0.00964309,0.907261827,0.84554555,-0.156759958,50.6959991,0.180966,2459.080078,3566
"S47",-0.48527968,1.16849141,0.449226597,1.561294053,44.4443016,0.195572,2270.090088,23854
"T10",1.419164862,-0.167005932,0.911182391,0.224230036,68.5006027,0.120901,2490.379883,8065
"T11",0.025310284,0.068952023,1.105095829,-0.262275302,50.8939018,0.134094,2582.850098,2320
"T12",-0.190306802,-0.161407899,0.979650947,0.110585099,48.1702995,0.121214,2523.030029,6723
"T13",0.197987321,-0.086755546,0.684681944,0.346682032,53.0750999,0.125388,2382.370117,9511
"T14",0.680505058,-0.383898383,0.451868884,-0.176745208,59.1701012,0.108774,2271.350098,3330
"T15",-0.516138721,-0.567075657,0.354335685,-0.458740469,44.0545006,0.0985321,2224.840088,0
"T16",0.227389547,-0.182029405,-0.2428585,-0.458740469,53.4464989,0.120061,1940.060059,0
"T17",0.459433639,-0.658193022,-0.141529797,-0.458740469,56.3776016,0.0934375,1988.380005,0
"T18",0.695300988,-0.553822808,-0.460111711,0.229565081,59.3569984,0.0992731,1836.459961,8128
"T19",-0.04370702,-0.723099792,-0.613258109,-0.336796573,50.0220985,0.0898084,1763.430054,1440
"T20",-0.648385895,-0.876446529,-0.469632084,-0.458740469,42.3839989,0.0812344,1831.920044,0
"T22",-0.01030669,-0.223433382,-0.595831867,-0.458740469,50.4440002,0.117746,1771.73999,0
"T23",0.001219852,0.085674579,-0.676966096,-0.458740469,50.5895996,0.135029,1733.050049,0
"T25",-0.657038652,-0.496538662,-0.737297884,-0.458740469,42.2747002,0.102476,1704.280029,0
"T30",-0.677701141,-1.167211545,-1.217309645,-0.458740469,42.0136986,0.064977,1475.380005,0
"T31",0.238916082,-0.199395824,-0.117644518,-0.315879807,53.5920982,0.11909,1999.77002,1687
"T32",-0.691460027,0.076320679,-0.238161158,-0.144226836,41.839901,0.134506,1942.300049,3714
"T33",-0.433845422,0.413490342,-0.674114157,0.26614825,45.0940018,0.153358,1734.410034,8560
"T34",-0.404894387,1.14173532,-0.761707422,0.959958212,45.4597015,0.194076,1692.640015,16753
"T35",-0.785200742,1.707011384,-0.882769312,1.339932007,40.6557999,0.225682,1634.910034,21240
"T36",-0.972373235,2.45040503,-0.798929824,2.91080651,38.2915001,0.267247,1674.890015,39790
"T44",0.017203536,2.215877883,0.045505043,3.59962016,50.7915001,0.254134,2077.570068,47924
"T45",0.052511564,1.969707543,0.221928498,2.897934654,51.2374992,0.24037,2161.699951,39638
"T46",0.113263875,1.625491156,0.488441082,1.826013929,52.0049019,0.221124,2288.790039,26980
"U11",0.857947874,-0.05695899,0.642091005,0.4824293,61.411499,0.127054,2362.060059,11114
"U12",-0.681255622,-0.678862817,0.290061201,-0.221796703,41.9687996,0.0922818,2194.189941,2798
"U14",0.983497411,-0.479851876,1.560173792,-0.450610876,62.9973984,0.103409,2799.860107,96
"U15",-0.142498298,-0.446567729,0.73161338,-0.458740469,48.7742004,0.10527,2404.75,0
"U16",0.217351233,-0.247739215,0.357334304,-0.458740469,53.3196983,0.116387,2226.27002,0
"U17",-0.054821938,-0.060804284,0.570539865,-0.458740469,49.8816986,0.126839,2327.939941,0
"U18",0.110049437,-0.018166236,0.589098845,-0.45747022,51.9642982,0.129223,2336.790039,15
"U19",-0.066847069,-0.246344178,0.044938802,-0.458740469,49.7298012,0.116465,2077.300049,0
"U21",0.524040914,-0.074468491,-0.686361035,-0.383965149,57.1936989,0.126075,1728.569946,883
"U22",-0.136006611,-0.039538916,-1.263863758,-0.243052202,48.8562012,0.128028,1453.180054,2547
"U23",-0.45156286,-0.119145438,-0.3585731,-0.458740469,44.8702011,0.123577,1884.880005,0
"U32",-0.268024275,-0.955688196,-1.230898402,-0.455353139,47.1885986,0.0768038,1468.900024,40
"U33",-0.340983815,0.104543346,-0.031917646,0.229903814,46.2669983,0.136084,2040.650024,8132
"U34",0.027099304,0.621118318,0.111477737,0.929641605,50.9165001,0.164967,2109.030029,16395
"U35",0.522220187,1.147547973,0.45207828,0.722167614,57.1707001,0.194401,2271.449951,13945
"U36",-0.533824445,1.845030601,0.192884847,1.839563251,43.8311005,0.233399,2147.850098,27140
"U37",-0.654402538,1.414625979,-0.063331215,1.158032361,42.3079987,0.209334,2025.670044,19092
"V11",2.364654009,-0.642439837,1.503910132,-0.231535278,80.4437027,0.0943183,2773.030029,2683
"V12",0.859839873,-0.752021766,0.77808353,-0.458740469,61.4353981,0.0881913,2426.909912,0
"V13",-0.022791151,0.036043463,0.954758875,-0.441211034,50.2863007,0.132254,2511.159912,207
"V14",0.742531778,-0.536100475,1.887457947,-0.458740469,59.9536018,0.100264,2955.929932,0
"V15",0.091880823,-0.564317777,0.560117654,-0.458740469,51.7347984,0.0986863,2322.969971,0
"V16",-0.128042703,-0.223522807,0.667800696,-0.458740469,48.9567986,0.117741,2374.320068,0
"V17",1.995921902,-1.014989779,0.728698724,-0.458740469,75.7860031,0.0734881,2403.360107,0
"V18",2.864168613,-1.153177117,1.947957662,-0.458740469,86.7534027,0.0657617,2984.780029,0
"V19",0.415654652,-0.055635494,1.045812559,-0.458740469,55.8246002,0.127128,2554.580078,0
"V20",1.4814048,-0.678794854,2.009191033,-0.455437822,69.2867966,0.0922856,3013.979981,39
"V21",0.812126495,-0.158886102,0.179778367,-0.336288473,60.8326988,0.121355,2141.600098,1446
"V22",1.3444157,-0.008973302,-0.967573611,-0.446376713,67.5563965,0.129737,1594.469971,146
"V23",0.876448985,0.313351739,1.077834351,-0.458740469,61.6451988,0.147759,2569.850098,0
"V25",-0.504833843,-0.561057325,-0.892793209,-0.458740469,44.1973,0.0988686,1630.130005,0
"V36",-0.74309239,0.112520095,-0.07587171,-0.407337729,41.1876984,0.13653,2019.689941,607
"V37",-0.816407988,0.119066037,-0.139642413,-0.450780243,40.2616005,0.136896,1989.280029,94
"V45",-0.637603475,1.46402459,0.028896164,3.213041071,42.5201988,0.212096,2069.649902,43359
"W12",0.688009929,-0.093373028,1.038913226,-0.067080384,59.2649002,0.125018,2551.290039,4625
"W13",0.527785646,0.233333859,1.202503083,-0.263206818,57.2410011,0.143285,2629.300049,2309
"W14",0.054712509,-0.170386213,1.392326889,-0.458740469,51.2653008,0.120712,2719.820068,0
"W15",0.280573559,-0.45923037,0.615122887,-0.458740469,54.1183014,0.104562,2349.199951,0
"W16",0.873781166,-0.243893921,1.58936438,-0.458740469,61.6114998,0.116602,2813.780029,0
"W17",-0.168322174,-0.64736539,0.87043711,-0.458740469,48.4480019,0.0940429,2470.949951,0
"W18",1.62625543,-0.773653779,1.104130762,-0.458740469,71.1165009,0.0869818,2582.389893,0
"W19",0.151397976,-0.127157957,1.211394498,-0.458740469,52.486599,0.123129,2633.540039,0
"W20",0.788384569,-0.75268888,1.794748035,-0.458740469,60.5327988,0.088154,2911.719971,0
"W21",0.433443355,-0.388727357,0.330660058,-0.458740469,56.0493011,0.108504,2213.550049,0
"W22",2.413182775,-0.513797771,-1.418373538,-0.377783271,81.0567017,0.101511,1379.5,956
"W23",1.496779355,0.192233929,-0.742016216,-0.238733356,69.4810028,0.140987,1702.030029,2598
"W24",-0.798468893,-0.183996764,-0.029715911,-0.458740469,40.4882011,0.119951,2041.699951,0
"W25",-0.494518606,-0.706185865,-0.782069567,-0.458740469,44.3275986,0.0907541,1682.930054,0
"X12",0.878095768,0.8237027,0.798425196,0.137429692,61.6660004,0.176294,2436.610107,7040
"X13",1.353069058,1.936298201,0.797544092,1.159726027,67.6657028,0.238502,2436.189941,19112
"X14",1.379494218,0.434541089,1.406376933,-0.305379083,67.9994965,0.154535,2726.52002,1811
"X15",-0.608399061,-0.185677963,0.670799315,-0.458740469,42.8890991,0.119857,2375.75,0
"X16",0.491772762,0.073423295,1.389327758,-0.458740469,56.7860985,0.134344,2718.389893,0
"X17",0.744439484,-0.551749926,1.706735464,-0.458740469,59.9776993,0.099389,2869.75,0
"X18",-0.244575279,-0.414732274,0.566052432,-0.458740469,47.4847984,0.10705,2325.800049,0
"X19",1.194134598,-0.541600139,1.452343815,-0.458740469,65.6580963,0.0999565,2748.439941,0
"X20",0.728994257,-0.109845193,0.682668358,-0.458740469,59.7826004,0.124097,2381.409912,0
"X21",0.433118711,-0.669931005,-0.744071272,-0.458740469,56.0452003,0.0927812,1701.050049,0
"X22",0.590366537,-0.954534608,-1.505861849,-0.458740469,58.0315018,0.0768683,1337.780029,0
"X24",-0.521419103,-0.49399898,-0.693847344,-0.458740469,43.9878006,0.102618,1725,0
"X25",-0.615682267,-0.550011496,-0.831370921,-0.458740469,42.7971001,0.0994862,1659.420044,0
"X26",-0.699883273,-0.952912431,-1.319309543,-0.458740469,41.7335014,0.076959,1426.73999,0
"X38",-0.638379295,0.693874853,-0.284631564,-0.394127141,42.5103989,0.169035,1920.140015,763
"X39",-0.865839414,0.972721246,-0.08161757,-0.133895478,39.6371994,0.184626,2016.949951,3836
"X40",-0.837078331,1.162857607,-0.030596502,0.460835069,40.0004997,0.195257,2041.280029,10859
"Y15",-0.610473159,0.753110261,1.206319833,-0.458740469,42.8628998,0.172347,2631.120117,0
"Y16",-0.479334303,0.146537531,1.210849248,-0.458740469,44.5194016,0.138432,2633.280029,0
"Y17",-0.449852966,-0.141770074,1.66861148,-0.458740469,44.8917999,0.122312,2851.570068,0
"Y18",-0.485485638,-0.311338585,1.203090314,-0.458740469,44.4417,0.112831,2629.580078,0
"Y19",0.34788036,-0.48591492,1.570134716,-0.458740469,54.9684982,0.10307,2804.610107,0
"Y20",0.887065315,-0.008293668,1.449617565,-0.458740469,61.7793007,0.129775,2747.139893,0
"Y21",0.441375858,-0.190542706,0.016628806,-0.458740469,56.1495018,0.119585,2063.800049,0
"Y22",-0.279725062,-0.653880928,-1.212088044,-0.458740469,47.0407982,0.0936786,1477.869995,0
"Y24",0.651680555,-0.602954931,-1.501604803,-0.458740469,58.8059998,0.096526,1339.810059,0
"Y27",-0.749314699,-1.209363118,-1.37225972,-0.458740469,41.1091003,0.0626202,1401.48999,0
"Y38",-0.241076065,0.4203761,-0.434234093,-0.422496033,47.5289993,0.153743,1848.800049,428
"Y39",-0.2234299,0.252202626,-0.030449822,-0.037864659,47.7518997,0.14434,2041.349976,4970
"Y40",-0.724044969,0.645495692,0.377948339,0.490389527,41.428299,0.16633,2236.100098,11208
"Z15",2.859402534,-0.491495068,1.694405134,-0.458740469,86.6931992,0.102758,2863.870117,0
"Z16",2.649699112,-0.830365602,1.966180789,-0.458740469,84.0442963,0.0838109,2993.469971,0
"Z17",1.463133508,-0.709548261,1.822282394,-0.458740469,69.0559998,0.0905661,2924.850098,0
"Z18",-0.160579932,-0.697180724,1.02643596,-0.458740469,48.5457993,0.0912576,2545.340088,0
"Z19",0.587191966,-0.335483452,0.891344505,-0.458740469,57.9914017,0.111481,2480.919922,0
"Z20",0.799800272,-0.601148537,2.098357076,-0.458740469,60.6769981,0.096627,3056.5,0
"Z21",-0.06600813,0.464516495,0.478249258,-0.458740469,49.7403984,0.156211,2283.929932,0
"Z22",0.066793207,-0.306599037,-0.81534953,-0.458740469,51.4179001,0.113096,1667.060059,0
"Z32",-1.058537806,-0.55473137,-1.054600636,-0.458740469,37.2030983,0.0992223,1552.969971,0
"Z33",-0.341252892,-0.750884275,-1.203196628,-0.458740469,46.2635994,0.0882549,1482.109985,0
"Z39",-0.58672338,0.112877797,0.321936057,-0.145581768,43.162899,0.13655,2209.389893,3698
"Z40",-0.941340242,0.593128157,0.844916337,0.054948196,38.6834984,0.163402,2458.780029,6066
"Z53",0.003175272,1.363993297,-0.795826251,0.402064885,50.6142998,0.206503,1676.369995,10165
"Z54",-0.484020962,1.895681168,-0.523672761,1.402089521,44.4602013,0.236231,1806.150024,21974
